[2026-09-24 16:08:29] local.ERROR: Unmatched '}' {"exception":"[object] (ParseError(code: 0): Unmatched '}' at C:/xampp/htdocs/johnceniza/routes/web.php:13)
[stacktrace]
#0 C:/xampp/htdocs/johnceniza/vendor/laravel/framework/src/Illuminate/Routing/Router.php(526): Illuminate/Routing/RouteFileRegistrar->register('C://xampp//htdocs...')
#1 C:/xampp/htdocs/johnceniza/vendor/laravel/framework/src/Illuminate/Routing/Router.php(480): Illuminate/Routing/Router->loadRoutes('C://xampp//htdocs...')
#2 C:/xampp/htdocs/johnceniza/vendor/laravel/framework/src/Illuminate/Routing/RouteRegistrar.php(212): Illuminate/Routing/Router->group(Array, 'C://xampp//htdocs...')
#3 C:/xampp/htdocs/johnceniza/vendor/laravel/framework/src/Illuminate/Foundation/Configuration/ApplicationBuilder.php(248): Illuminate/Routing/RouteRegistrar->group('C://xampp//htdocs...')
#4 C:/xampp/htdocs/johnceniza/vendor/laravel/framework/src/Illuminate/Container/BoundMethod.php(36): Illuminate/Foundation/Configuration/ApplicationBuilder->Illuminate/Foundation/Configuration/{closure}()
#5 C:/xampp/htdocs/johnceniza/vendor/laravel/framework/src/Illuminate/Container/Util.php(43): Illuminate/Container/BoundMethod::Illuminate/Container/{closure}()
#6 C:/xampp/htdocs/johnceniza/vendor/laravel/framework/src/Illuminate/Container/BoundMethod.php(84): Illuminate/Container/Util::unwrapIfClosure(Object(Closure))
#7 C:/xampp/htdocs/johnceniza/vendor/laravel/framework/src/Illuminate/Container/BoundMethod.php(35): Illuminate/Container/BoundMethod::callBoundMethod(Object(Illuminate/Foundation/Application), Object(Closure), Object(Closure))
#8 C:/xampp/htdocs/johnceniza/vendor/laravel/framework/src/Illuminate/Container/Container.php(799): Illuminate/Container/BoundMethod::call(Object(Illuminate/Foundation/Application), Object(Closure), Array, NULL)
#9 C:/xampp/htdocs/johnceniza/vendor/laravel/framework/src/Illuminate/Foundation/Support/Providers/RouteServiceProvider.php(162): Illuminate/Container/Container->call(Object(Closure))
#10 C:/xampp/htdocs/johnceniza/vendor/laravel/framework/src/Illuminate/Foundation/Support/Providers/RouteServiceProvider.php(59): Illuminate/Foundation/Support/Providers/RouteServiceProvider->loadRoutes()
#11 C:/xampp/htdocs/johnceniza/vendor/laravel/framework/src/Illuminate/Container/BoundMethod.php(36): Illuminate/Foundation/Support/Providers/RouteServiceProvider->Illuminate/Foundation/Support/Providers/{closure}()
#12 C:/xampp/htdocs/johnceniza/vendor/laravel/framework/src/Illuminate/Container/Util.php(43): Illuminate/Container/BoundMethod::Illuminate/Container/{closure}()
#13 C:/xampp/htdocs/johnceniza/vendor/laravel/framework/src/Illuminate/Container/BoundMethod.php(84): Illuminate/Container/Util::unwrapIfClosure(Object(Closure))
#14 C:/xampp/htdocs/johnceniza/vendor/laravel/framework/src/Illuminate/Container/BoundMethod.php(35): Illuminate/Container/BoundMethod::callBoundMethod(Object(Illuminate/Foundation/Application), Object(Closure), Object(Closure))
#15 C:/xampp/htdocs/johnceniza/vendor/laravel/framework/src/Illuminate/Container/Container.php(799): Illuminate/Container/BoundMethod::call(Object(Illuminate/Foundation/Application), Object(Closure), Array, NULL)
#16 C:/xampp/htdocs/johnceniza/vendor/laravel/framework/src/Illuminate/Support/ServiceProvider.php(150): Illuminate/Container/Container->call(Object(Closure))
#17 C:/xampp/htdocs/johnceniza/vendor/laravel/framework/src/Illuminate/Foundation/Application.php(1154): Illuminate/Support/ServiceProvider->callBootedCallbacks()
#18 C:/xampp/htdocs/johnceniza/vendor/laravel/framework/src/Illuminate/Foundation/Application.php(1132): Illuminate/Foundation/Application->bootProvider(Object(Illuminate/Foundation/Support/Providers/RouteServiceProvider))
#19 [internal function]: Illuminate/Foundation/Application->Illuminate/Foundation/{closure}(Object(Illuminate/Foundation/Support/Providers/RouteServiceProvider), 'Illuminate//Foun...')
#20 C:/xampp/htdocs/johnceniza/vendor/laravel/framework/src/Illuminate/Foundation/Application.php(1131): array_walk(Array, Object(Closure))
#21 C:/xampp/htdocs/johnceniza/vendor/laravel/framework/src/Illuminate/Foundation/Bootstrap/BootProviders.php(17): Illuminate/Foundation/Application->boot()
#22 C:/xampp/htdocs/johnceniza/vendor/laravel/framework/src/Illuminate/Foundation/Application.php(342): Illuminate/Foundation/Bootstrap/BootProviders->bootstrap(Object(Illuminate/Foundation/Application))
#23 C:/xampp/htdocs/johnceniza/vendor/laravel/framework/src/Illuminate/Foundation/Console/Kernel.php(494): Illuminate/Foundation/Application->bootstrapWith(Array)
#24 C:/xampp/htdocs/johnceniza/vendor/laravel/framework/src/Illuminate/Foundation/Console/Kernel.php(196): Illuminate/Foundation/Console/Kernel->bootstrap()
#25 C:/xampp/htdocs/johnceniza/vendor/laravel/framework/src/Illuminate/Foundation/Application.php(1235): Illuminate/Foundation/Console/Kernel->handle(Object(Symfony/Component/Console/Input/ArgvInput), Object(Symfony/Component/Console/Output/ConsoleOutput))
#26 C:/xampp/htdocs/johnceniza/artisan(16): Illuminate/Foundation/Application->handleCommand(Object(Symfony/Component/Console/Input/ArgvInput))
#27 {main}
"} 
[2026-09-24 16:16:37] local.ERROR: Class "App\Http\Controllers\Task" not found {"exception":"[object] (Error(code: 0): Class \"App\\Http\\Controllers\\Task\" not found at C:/xampp/htdocs/johnceniza/app/Http/Controllers/TaskController.php:14)
[stacktrace]
#0 C:/xampp/htdocs/johnceniza/vendor/laravel/framework/src/Illuminate/Routing/ControllerDispatcher.php(46): App/Http/Controllers/TaskController->index()
#1 C:/xampp/htdocs/johnceniza/vendor/laravel/framework/src/Illuminate/Routing/Route.php(265): Illuminate/Routing/ControllerDispatcher->dispatch(Object(Illuminate/Routing/Route), Object(App/Http/Controllers/TaskController), 'index')
#2 C:/xampp/htdocs/johnceniza/vendor/laravel/framework/src/Illuminate/Routing/Route.php(211): Illuminate/Routing/Route->runController()
#3 C:/xampp/htdocs/johnceniza/vendor/laravel/framework/src/Illuminate/Routing/Router.php(822): Illuminate/Routing/Route->run()
#4 C:/xampp/htdocs/johnceniza/vendor/laravel/framework/src/Illuminate/Pipeline/Pipeline.php(180): Illuminate/Routing/Router->Illuminate/Routing/{closure}(Object(Illuminate/Http/Request))
#5 C:/xampp/htdocs/johnceniza/vendor/laravel/framework/src/Illuminate/Routing/Middleware/SubstituteBindings.php(50): Illuminate/Pipeline/Pipeline->Illuminate/Pipeline/{closure}(Object(Illuminate/Http/Request))
#6 C:/xampp/htdocs/johnceniza/vendor/laravel/framework/src/Illuminate/Pipeline/Pipeline.php(219): Illuminate/Routing/Middleware/SubstituteBindings->handle(Object(Illuminate/Http/Request), Object(Closure))
#7 C:/xampp/htdocs/johnceniza/vendor/laravel/framework/src/Illuminate/Foundation/Http/Middleware/VerifyCsrfToken.php(87): Illuminate/Pipeline/Pipeline->Illuminate/Pipeline/{closure}(Object(Illuminate/Http/Request))
#8 C:/xampp/htdocs/johnceniza/vendor/laravel/framework/src/Illuminate/Pipeline/Pipeline.php(219): Illuminate/Foundation/Http/Middleware/VerifyCsrfToken->handle(Object(Illuminate/Http/Request), Object(Closure))
#9 C:/xampp/htdocs/johnceniza/vendor/laravel/framework/src/Illuminate/View/Middleware/ShareErrorsFromSession.php(48): Illuminate/Pipeline/Pipeline->Illuminate/Pipeline/{closure}(Object(Illuminate/Http/Request))
#10 C:/xampp/htdocs/johnceniza/vendor/laravel/framework/src/Illuminate/Pipeline/Pipeline.php(219): Illuminate/View/Middleware/ShareErrorsFromSession->handle(Object(Illuminate/Http/Request), Object(Closure))
#11 C:/xampp/htdocs/johnceniza/vendor/laravel/framework/src/Illuminate/Session/Middleware/StartSession.php(120): Illuminate/Pipeline/Pipeline->Illuminate/Pipeline/{closure}(Object(Illuminate/Http/Request))
#12 C:/xampp/htdocs/johnceniza/vendor/laravel/framework/src/Illuminate/Session/Middleware/StartSession.php(63): Illuminate/Session/Middleware/StartSession->handleStatefulRequest(Object(Illuminate/Http/Request), Object(Illuminate/Session/Store), Object(Closure))
#13 C:/xampp/htdocs/johnceniza/vendor/laravel/framework/src/Illuminate/Pipeline/Pipeline.php(219): Illuminate/Session/Middleware/StartSession->handle(Object(Illuminate/Http/Request), Object(Closure))
#14 C:/xampp/htdocs/johnceniza/vendor/laravel/framework/src/Illuminate/Cookie/Middleware/AddQueuedCookiesToResponse.php(36): Illuminate/Pipeline/Pipeline->Illuminate/Pipeline/{closure}(Object(Illuminate/Http/Request))
#15 C:/xampp/htdocs/johnceniza/vendor/laravel/framework/src/Illuminate/Pipeline/Pipeline.php(219): Illuminate/Cookie/Middleware/AddQueuedCookiesToResponse->handle(Object(Illuminate/Http/Request), Object(Closure))
#16 C:/xampp/htdocs/johnceniza/vendor/laravel/framework/src/Illuminate/Cookie/Middleware/EncryptCookies.php(74): Illuminate/Pipeline/Pipeline->Illuminate/Pipeline/{closure}(Object(Illuminate/Http/Request))
#17 C:/xampp/htdocs/johnceniza/vendor/laravel/framework/src/Illuminate/Pipeline/Pipeline.php(219): Illuminate/Cookie/Middleware/EncryptCookies->handle(Object(Illuminate/Http/Request), Object(Closure))
#18 C:/xampp/htdocs/johnceniza/vendor/laravel/framework/src/Illuminate/Pipeline/Pipeline.php(137): Illuminate/Pipeline/Pipeline->Illuminate/Pipeline/{closure}(Object(Illuminate/Http/Request))
#19 C:/xampp/htdocs/johnceniza/vendor/laravel/framework/src/Illuminate/Routing/Router.php(821): Illuminate/Pipeline/Pipeline->then(Object(Closure))
#20 C:/xampp/htdocs/johnceniza/vendor/laravel/framework/src/Illuminate/Routing/Router.php(800): Illuminate/Routing/Router->runRouteWithinStack(Object(Illuminate/Routing/Route), Object(Illuminate/Http/Request))
#21 C:/xampp/htdocs/johnceniza/vendor/laravel/framework/src/Illuminate/Routing/Router.php(764): Illuminate/Routing/Router->runRoute(Object(Illuminate/Http/Request), Object(Illuminate/Routing/Route))
#22 C:/xampp/htdocs/johnceniza/vendor/laravel/framework/src/Illuminate/Routing/Router.php(753): Illuminate/Routing/Router->dispatchToRoute(Object(Illuminate/Http/Request))
#23 C:/xampp/htdocs/johnceniza/vendor/laravel/framework/src/Illuminate/Foundation/Http/Kernel.php(200): Illuminate/Routing/Router->dispatch(Object(Illuminate/Http/Request))
#24 C:/xampp/htdocs/johnceniza/vendor/laravel/framework/src/Illuminate/Pipeline/Pipeline.php(180): Illuminate/Foundation/Http/Kernel->Illuminate/Foundation/Http/{closure}(Object(Illuminate/Http/Request))
#25 C:/xampp/htdocs/johnceniza/vendor/laravel/framework/src/Illuminate/Foundation/Http/Middleware/TransformsRequest.php(21): Illuminate/Pipeline/Pipeline->Illuminate/Pipeline/{closure}(Object(Illuminate/Http/Request))
#26 C:/xampp/htdocs/johnceniza/vendor/laravel/framework/src/Illuminate/Foundation/Http/Middleware/ConvertEmptyStringsToNull.php(31): Illuminate/Foundation/Http/Middleware/TransformsRequest->handle(Object(Illuminate/Http/Request), Object(Closure))
#27 C:/xampp/htdocs/johnceniza/vendor/laravel/framework/src/Illuminate/Pipeline/Pipeline.php(219): Illuminate/Foundation/Http/Middleware/ConvertEmptyStringsToNull->handle(Object(Illuminate/Http/Request), Object(Closure))
#28 C:/xampp/htdocs/johnceniza/vendor/laravel/framework/src/Illuminate/Foundation/Http/Middleware/TransformsRequest.php(21): Illuminate/Pipeline/Pipeline->Illuminate/Pipeline/{closure}(Object(Illuminate/Http/Request))
#29 C:/xampp/htdocs/johnceniza/vendor/laravel/framework/src/Illuminate/Foundation/Http/Middleware/TrimStrings.php(51): Illuminate/Foundation/Http/Middleware/TransformsRequest->handle(Object(Illuminate/Http/Request), Object(Closure))
#30 C:/xampp/htdocs/johnceniza/vendor/laravel/framework/src/Illuminate/Pipeline/Pipeline.php(219): Illuminate/Foundation/Http/Middleware/TrimStrings->handle(Object(Illuminate/Http/Request), Object(Closure))
#31 C:/xampp/htdocs/johnceniza/vendor/laravel/framework/src/Illuminate/Http/Middleware/ValidatePostSize.php(27): Illuminate/Pipeline/Pipeline->Illuminate/Pipeline/{closure}(Object(Illuminate/Http/Request))
#32 C:/xampp/htdocs/johnceniza/vendor/laravel/framework/src/Illuminate/Pipeline/Pipeline.php(219): Illuminate/Http/Middleware/ValidatePostSize->handle(Object(Illuminate/Http/Request), Object(Closure))
#33 C:/xampp/htdocs/johnceniza/vendor/laravel/framework/src/Illuminate/Foundation/Http/Middleware/PreventRequestsDuringMaintenance.php(109): Illuminate/Pipeline/Pipeline->Illuminate/Pipeline/{closure}(Object(Illuminate/Http/Request))
#34 C:/xampp/htdocs/johnceniza/vendor/laravel/framework/src/Illuminate/Pipeline/Pipeline.php(219): Illuminate/Foundation/Http/Middleware/PreventRequestsDuringMaintenance->handle(Object(Illuminate/Http/Request), Object(Closure))
#35 C:/xampp/htdocs/johnceniza/vendor/laravel/framework/src/Illuminate/Http/Middleware/HandleCors.php(61): Illuminate/Pipeline/Pipeline->Illuminate/Pipeline/{closure}(Object(Illuminate/Http/Request))
#36 C:/xampp/htdocs/johnceniza/vendor/laravel/framework/src/Illuminate/Pipeline/Pipeline.php(219): Illuminate/Http/Middleware/HandleCors->handle(Object(Illuminate/Http/Request), Object(Closure))
#37 C:/xampp/htdocs/johnceniza/vendor/laravel/framework/src/Illuminate/Http/Middleware/TrustProxies.php(58): Illuminate/Pipeline/Pipeline->Illuminate/Pipeline/{closure}(Object(Illuminate/Http/Request))
#38 C:/xampp/htdocs/johnceniza/vendor/laravel/framework/src/Illuminate/Pipeline/Pipeline.php(219): Illuminate/Http/Middleware/TrustProxies->handle(Object(Illuminate/Http/Request), Object(Closure))
#39 C:/xampp/htdocs/johnceniza/vendor/laravel/framework/src/Illuminate/Foundation/Http/Middleware/InvokeDeferredCallbacks.php(22): Illuminate/Pipeline/Pipeline->Illuminate/Pipeline/{closure}(Object(Illuminate/Http/Request))
#40 C:/xampp/htdocs/johnceniza/vendor/laravel/framework/src/Illuminate/Pipeline/Pipeline.php(219): Illuminate/Foundation/Http/Middleware/InvokeDeferredCallbacks->handle(Object(Illuminate/Http/Request), Object(Closure))
#41 C:/xampp/htdocs/johnceniza/vendor/laravel/framework/src/Illuminate/Http/Middleware/ValidatePathEncoding.php(26): Illuminate/Pipeline/Pipeline->Illuminate/Pipeline/{closure}(Object(Illuminate/Http/Request))
#42 C:/xampp/htdocs/johnceniza/vendor/laravel/framework/src/Illuminate/Pipeline/Pipeline.php(219): Illuminate/Http/Middleware/ValidatePathEncoding->handle(Object(Illuminate/Http/Request), Object(Closure))
#43 C:/xampp/htdocs/johnceniza/vendor/laravel/framework/src/Illuminate/Pipeline/Pipeline.php(137): Illuminate/Pipeline/Pipeline->Illuminate/Pipeline/{closure}(Object(Illuminate/Http/Request))
#44 C:/xampp/htdocs/johnceniza/vendor/laravel/framework/src/Illuminate/Foundation/Http/Kernel.php(175): Illuminate/Pipeline/Pipeline->then(Object(Closure))
#45 C:/xampp/htdocs/johnceniza/vendor/laravel/framework/src/Illuminate/Foundation/Http/Kernel.php(144): Illuminate/Foundation/Http/Kernel->sendRequestThroughRouter(Object(Illuminate/Http/Request))
#46 C:/xampp/htdocs/johnceniza/vendor/laravel/framework/src/Illuminate/Foundation/Application.php(1220): Illuminate/Foundation/Http/Kernel->handle(Object(Illuminate/Http/Request))
#47 C:/xampp/htdocs/johnceniza/public/index.php(20): Illuminate/Foundation/Application->handleRequest(Object(Illuminate/Http/Request))
#48 C:/xampp/htdocs/johnceniza/vendor/laravel/framework/src/Illuminate/Foundation/resources/server.php(23): require_once('C://xampp//htdocs...')
#49 {main}
"} 
[2026-09-24 16:27:38] local.ERROR: SQLSTATE[HY000]: General error: 1 table tasks has no column named title (Connection: sqlite, Database: C:\xampp\htdocs\johnceniza\database\database.sqlite, SQL: insert into "tasks" ("title", "description", "due_date", "status", "updated_at", "created_at") values (ae, notes, 2007-02-22 00:00:00, Pending, 2026-09-24 16:27:38, 2026-09-24 16:27:38)) {"exception":"[object] (Illuminate\\Database\\QueryException(code: HY000): SQLSTATE[HY000]: General error: 1 table tasks has no column named title (Connection: sqlite, Database: C:\\xampp\\htdocs\\johnceniza\\database\\database.sqlite, SQL: insert into \"tasks\" (\"title\", \"description\", \"due_date\", \"status\", \"updated_at\", \"created_at\") values (ae, notes, 2007-02-22 00:00:00, Pending, 2026-09-24 16:27:38, 2026-09-24 16:27:38)) at C:/xampp/htdocs/johnceniza/vendor/laravel/framework/src/Illuminate/Database/Connection.php:838)
[stacktrace]
#0 C:/xampp/htdocs/johnceniza/vendor/laravel/framework/src/Illuminate/Database/Connection.php(794): Illuminate/Database/Connection->runQueryCallback('insert into \"ta...', Array, Object(Closure))
#1 C:/xampp/htdocs/johnceniza/vendor/laravel/framework/src/Illuminate/Database/Connection.php(573): Illuminate/Database/Connection->run('insert into \"ta...', Array, Object(Closure))
#2 C:/xampp/htdocs/johnceniza/vendor/laravel/framework/src/Illuminate/Database/Connection.php(537): Illuminate/Database/Connection->statement('insert into \"ta...', Array)
#3 C:/xampp/htdocs/johnceniza/vendor/laravel/framework/src/Illuminate/Database/Query/Processors/Processor.php(32): Illuminate/Database/Connection->insert('insert into \"ta...', Array)
#4 C:/xampp/htdocs/johnceniza/vendor/laravel/framework/src/Illuminate/Database/Query/Builder.php(4170): Illuminate/Database/Query/Processors/Processor->processInsertGetId(Object(Illuminate/Database/Query/Builder), 'insert into \"ta...', Array, 'id')
#5 C:/xampp/htdocs/johnceniza/vendor/laravel/framework/src/Illuminate/Database/Eloquent/Builder.php(2237): Illuminate/Database/Query/Builder->insertGetId(Array, 'id')
#6 C:/xampp/htdocs/johnceniza/vendor/laravel/framework/src/Illuminate/Database/Eloquent/Model.php(1436): Illuminate/Database/Eloquent/Builder->__call('insertGetId', Array)
#7 C:/xampp/htdocs/johnceniza/vendor/laravel/framework/src/Illuminate/Database/Eloquent/Model.php(1401): Illuminate/Database/Eloquent/Model->insertAndSetId(Object(Illuminate/Database/Eloquent/Builder), Array)
#8 C:/xampp/htdocs/johnceniza/vendor/laravel/framework/src/Illuminate/Database/Eloquent/Model.php(1240): Illuminate/Database/Eloquent/Model->performInsert(Object(Illuminate/Database/Eloquent/Builder))
#9 C:/xampp/htdocs/johnceniza/vendor/laravel/framework/src/Illuminate/Database/Eloquent/Builder.php(1219): Illuminate/Database/Eloquent/Model->save()
#10 C:/xampp/htdocs/johnceniza/vendor/laravel/framework/src/Illuminate/Support/helpers.php(393): Illuminate/Database/Eloquent/Builder->Illuminate/Database/Eloquent/{closure}(Object(App/Models/Task))
#11 C:/xampp/htdocs/johnceniza/vendor/laravel/framework/src/Illuminate/Database/Eloquent/Builder.php(1218): tap(Object(App/Models/Task), Object(Closure))
#12 C:/xampp/htdocs/johnceniza/vendor/laravel/framework/src/Illuminate/Support/Traits/ForwardsCalls.php(23): Illuminate/Database/Eloquent/Builder->create(Array)
#13 C:/xampp/htdocs/johnceniza/vendor/laravel/framework/src/Illuminate/Database/Eloquent/Model.php(2544): Illuminate/Database/Eloquent/Model->forwardCallTo(Object(Illuminate/Database/Eloquent/Builder), 'create', Array)
#14 C:/xampp/htdocs/johnceniza/vendor/laravel/framework/src/Illuminate/Database/Eloquent/Model.php(2560): Illuminate/Database/Eloquent/Model->__call('create', Array)
#15 C:/xampp/htdocs/johnceniza/app/Http/Controllers/TaskController.php(39): Illuminate/Database/Eloquent/Model::__callStatic('create', Array)
#16 C:/xampp/htdocs/johnceniza/vendor/laravel/framework/src/Illuminate/Routing/ControllerDispatcher.php(46): App/Http/Controllers/TaskController->store(Object(Illuminate/Http/Request))
#17 C:/xampp/htdocs/johnceniza/vendor/laravel/framework/src/Illuminate/Routing/Route.php(265): Illuminate/Routing/ControllerDispatcher->dispatch(Object(Illuminate/Routing/Route), Object(App/Http/Controllers/TaskController), 'store')
#18 C:/xampp/htdocs/johnceniza/vendor/laravel/framework/src/Illuminate/Routing/Route.php(211): Illuminate/Routing/Route->runController()
#19 C:/xampp/htdocs/johnceniza/vendor/laravel/framework/src/Illuminate/Routing/Router.php(822): Illuminate/Routing/Route->run()
#20 C:/xampp/htdocs/johnceniza/vendor/laravel/framework/src/Illuminate/Pipeline/Pipeline.php(180): Illuminate/Routing/Router->Illuminate/Routing/{closure}(Object(Illuminate/Http/Request))
#21 C:/xampp/htdocs/johnceniza/vendor/laravel/framework/src/Illuminate/Routing/Middleware/SubstituteBindings.php(50): Illuminate/Pipeline/Pipeline->Illuminate/Pipeline/{closure}(Object(Illuminate/Http/Request))
#22 C:/xampp/htdocs/johnceniza/vendor/laravel/framework/src/Illuminate/Pipeline/Pipeline.php(219): Illuminate/Routing/Middleware/SubstituteBindings->handle(Object(Illuminate/Http/Request), Object(Closure))
#23 C:/xampp/htdocs/johnceniza/vendor/laravel/framework/src/Illuminate/Foundation/Http/Middleware/VerifyCsrfToken.php(87): Illuminate/Pipeline/Pipeline->Illuminate/Pipeline/{closure}(Object(Illuminate/Http/Request))
#24 C:/xampp/htdocs/johnceniza/vendor/laravel/framework/src/Illuminate/Pipeline/Pipeline.php(219): Illuminate/Foundation/Http/Middleware/VerifyCsrfToken->handle(Object(Illuminate/Http/Request), Object(Closure))
#25 C:/xampp/htdocs/johnceniza/vendor/laravel/framework/src/Illuminate/View/Middleware/ShareErrorsFromSession.php(48): Illuminate/Pipeline/Pipeline->Illuminate/Pipeline/{closure}(Object(Illuminate/Http/Request))
#26 C:/xampp/htdocs/johnceniza/vendor/laravel/framework/src/Illuminate/Pipeline/Pipeline.php(219): Illuminate/View/Middleware/ShareErrorsFromSession->handle(Object(Illuminate/Http/Request), Object(Closure))
#27 C:/xampp/htdocs/johnceniza/vendor/laravel/framework/src/Illuminate/Session/Middleware/StartSession.php(120): Illuminate/Pipeline/Pipeline->Illuminate/Pipeline/{closure}(Object(Illuminate/Http/Request))
#28 C:/xampp/htdocs/johnceniza/vendor/laravel/framework/src/Illuminate/Session/Middleware/StartSession.php(63): Illuminate/Session/Middleware/StartSession->handleStatefulRequest(Object(Illuminate/Http/Request), Object(Illuminate/Session/Store), Object(Closure))
#29 C:/xampp/htdocs/johnceniza/vendor/laravel/framework/src/Illuminate/Pipeline/Pipeline.php(219): Illuminate/Session/Middleware/StartSession->handle(Object(Illuminate/Http/Request), Object(Closure))
#30 C:/xampp/htdocs/johnceniza/vendor/laravel/framework/src/Illuminate/Cookie/Middleware/AddQueuedCookiesToResponse.php(36): Illuminate/Pipeline/Pipeline->Illuminate/Pipeline/{closure}(Object(Illuminate/Http/Request))
#31 C:/xampp/htdocs/johnceniza/vendor/laravel/framework/src/Illuminate/Pipeline/Pipeline.php(219): Illuminate/Cookie/Middleware/AddQueuedCookiesToResponse->handle(Object(Illuminate/Http/Request), Object(Closure))
#32 C:/xampp/htdocs/johnceniza/vendor/laravel/framework/src/Illuminate/Cookie/Middleware/EncryptCookies.php(74): Illuminate/Pipeline/Pipeline->Illuminate/Pipeline/{closure}(Object(Illuminate/Http/Request))
#33 C:/xampp/htdocs/johnceniza/vendor/laravel/framework/src/Illuminate/Pipeline/Pipeline.php(219): Illuminate/Cookie/Middleware/EncryptCookies->handle(Object(Illuminate/Http/Request), Object(Closure))
#34 C:/xampp/htdocs/johnceniza/vendor/laravel/framework/src/Illuminate/Pipeline/Pipeline.php(137): Illuminate/Pipeline/Pipeline->Illuminate/Pipeline/{closure}(Object(Illuminate/Http/Request))
#35 C:/xampp/htdocs/johnceniza/vendor/laravel/framework/src/Illuminate/Routing/Router.php(821): Illuminate/Pipeline/Pipeline->then(Object(Closure))
#36 C:/xampp/htdocs/johnceniza/vendor/laravel/framework/src/Illuminate/Routing/Router.php(800): Illuminate/Routing/Router->runRouteWithinStack(Object(Illuminate/Routing/Route), Object(Illuminate/Http/Request))
#37 C:/xampp/htdocs/johnceniza/vendor/laravel/framework/src/Illuminate/Routing/Router.php(764): Illuminate/Routing/Router->runRoute(Object(Illuminate/Http/Request), Object(Illuminate/Routing/Route))
#38 C:/xampp/htdocs/johnceniza/vendor/laravel/framework/src/Illuminate/Routing/Router.php(753): Illuminate/Routing/Router->dispatchToRoute(Object(Illuminate/Http/Request))
#39 C:/xampp/htdocs/johnceniza/vendor/laravel/framework/src/Illuminate/Foundation/Http/Kernel.php(200): Illuminate/Routing/Router->dispatch(Object(Illuminate/Http/Request))
#40 C:/xampp/htdocs/johnceniza/vendor/laravel/framework/src/Illuminate/Pipeline/Pipeline.php(180): Illuminate/Foundation/Http/Kernel->Illuminate/Foundation/Http/{closure}(Object(Illuminate/Http/Request))
#41 C:/xampp/htdocs/johnceniza/vendor/laravel/framework/src/Illuminate/Foundation/Http/Middleware/TransformsRequest.php(21): Illuminate/Pipeline/Pipeline->Illuminate/Pipeline/{closure}(Object(Illuminate/Http/Request))
#42 C:/xampp/htdocs/johnceniza/vendor/laravel/framework/src/Illuminate/Foundation/Http/Middleware/ConvertEmptyStringsToNull.php(31): Illuminate/Foundation/Http/Middleware/TransformsRequest->handle(Object(Illuminate/Http/Request), Object(Closure))
#43 C:/xampp/htdocs/johnceniza/vendor/laravel/framework/src/Illuminate/Pipeline/Pipeline.php(219): Illuminate/Foundation/Http/Middleware/ConvertEmptyStringsToNull->handle(Object(Illuminate/Http/Request), Object(Closure))
#44 C:/xampp/htdocs/johnceniza/vendor/laravel/framework/src/Illuminate/Foundation/Http/Middleware/TransformsRequest.php(21): Illuminate/Pipeline/Pipeline->Illuminate/Pipeline/{closure}(Object(Illuminate/Http/Request))
#45 C:/xampp/htdocs/johnceniza/vendor/laravel/framework/src/Illuminate/Foundation/Http/Middleware/TrimStrings.php(51): Illuminate/Foundation/Http/Middleware/TransformsRequest->handle(Object(Illuminate/Http/Request), Object(Closure))
#46 C:/xampp/htdocs/johnceniza/vendor/laravel/framework/src/Illuminate/Pipeline/Pipeline.php(219): Illuminate/Foundation/Http/Middleware/TrimStrings->handle(Object(Illuminate/Http/Request), Object(Closure))
#47 C:/xampp/htdocs/johnceniza/vendor/laravel/framework/src/Illuminate/Http/Middleware/ValidatePostSize.php(27): Illuminate/Pipeline/Pipeline->Illuminate/Pipeline/{closure}(Object(Illuminate/Http/Request))
#48 C:/xampp/htdocs/johnceniza/vendor/laravel/framework/src/Illuminate/Pipeline/Pipeline.php(219): Illuminate/Http/Middleware/ValidatePostSize->handle(Object(Illuminate/Http/Request), Object(Closure))
#49 C:/xampp/htdocs/johnceniza/vendor/laravel/framework/src/Illuminate/Foundation/Http/Middleware/PreventRequestsDuringMaintenance.php(109): Illuminate/Pipeline/Pipeline->Illuminate/Pipeline/{closure}(Object(Illuminate/Http/Request))
#50 C:/xampp/htdocs/johnceniza/vendor/laravel/framework/src/Illuminate/Pipeline/Pipeline.php(219): Illuminate/Foundation/Http/Middleware/PreventRequestsDuringMaintenance->handle(Object(Illuminate/Http/Request), Object(Closure))
#51 C:/xampp/htdocs/johnceniza/vendor/laravel/framework/src/Illuminate/Http/Middleware/HandleCors.php(61): Illuminate/Pipeline/Pipeline->Illuminate/Pipeline/{closure}(Object(Illuminate/Http/Request))
#52 C:/xampp/htdocs/johnceniza/vendor/laravel/framework/src/Illuminate/Pipeline/Pipeline.php(219): Illuminate/Http/Middleware/HandleCors->handle(Object(Illuminate/Http/Request), Object(Closure))
#53 C:/xampp/htdocs/johnceniza/vendor/laravel/framework/src/Illuminate/Http/Middleware/TrustProxies.php(58): Illuminate/Pipeline/Pipeline->Illuminate/Pipeline/{closure}(Object(Illuminate/Http/Request))
#54 C:/xampp/htdocs/johnceniza/vendor/laravel/framework/src/Illuminate/Pipeline/Pipeline.php(219): Illuminate/Http/Middleware/TrustProxies->handle(Object(Illuminate/Http/Request), Object(Closure))
#55 C:/xampp/htdocs/johnceniza/vendor/laravel/framework/src/Illuminate/Foundation/Http/Middleware/InvokeDeferredCallbacks.php(22): Illuminate/Pipeline/Pipeline->Illuminate/Pipeline/{closure}(Object(Illuminate/Http/Request))
#56 C:/xampp/htdocs/johnceniza/vendor/laravel/framework/src/Illuminate/Pipeline/Pipeline.php(219): Illuminate/Foundation/Http/Middleware/InvokeDeferredCallbacks->handle(Object(Illuminate/Http/Request), Object(Closure))
#57 C:/xampp/htdocs/johnceniza/vendor/laravel/framework/src/Illuminate/Http/Middleware/ValidatePathEncoding.php(26): Illuminate/Pipeline/Pipeline->Illuminate/Pipeline/{closure}(Object(Illuminate/Http/Request))
#58 C:/xampp/htdocs/johnceniza/vendor/laravel/framework/src/Illuminate/Pipeline/Pipeline.php(219): Illuminate/Http/Middleware/ValidatePathEncoding->handle(Object(Illuminate/Http/Request), Object(Closure))
#59 C:/xampp/htdocs/johnceniza/vendor/laravel/framework/src/Illuminate/Pipeline/Pipeline.php(137): Illuminate/Pipeline/Pipeline->Illuminate/Pipeline/{closure}(Object(Illuminate/Http/Request))
#60 C:/xampp/htdocs/johnceniza/vendor/laravel/framework/src/Illuminate/Foundation/Http/Kernel.php(175): Illuminate/Pipeline/Pipeline->then(Object(Closure))
#61 C:/xampp/htdocs/johnceniza/vendor/laravel/framework/src/Illuminate/Foundation/Http/Kernel.php(144): Illuminate/Foundation/Http/Kernel->sendRequestThroughRouter(Object(Illuminate/Http/Request))
#62 C:/xampp/htdocs/johnceniza/vendor/laravel/framework/src/Illuminate/Foundation/Application.php(1220): Illuminate/Foundation/Http/Kernel->handle(Object(Illuminate/Http/Request))
#63 C:/xampp/htdocs/johnceniza/public/index.php(20): Illuminate/Foundation/Application->handleRequest(Object(Illuminate/Http/Request))
#64 C:/xampp/htdocs/johnceniza/vendor/laravel/framework/src/Illuminate/Foundation/resources/server.php(23): require_once('C://xampp//htdocs...')
#65 {main}

[previous exception] [object] (PDOException(code: HY000): SQLSTATE[HY000]: General error: 1 table tasks has no column named title at C:/xampp/htdocs/johnceniza/vendor/laravel/framework/src/Illuminate/Database/Connection.php:578)
[stacktrace]
#0 C:/xampp/htdocs/johnceniza/vendor/laravel/framework/src/Illuminate/Database/Connection.php(578): PDO->prepare('insert into \"ta...')
#1 C:/xampp/htdocs/johnceniza/vendor/laravel/framework/src/Illuminate/Database/Connection.php(827): Illuminate/Database/Connection->Illuminate/Database/{closure}('insert into \"ta...', Array)
#2 C:/xampp/htdocs/johnceniza/vendor/laravel/framework/src/Illuminate/Database/Connection.php(794): Illuminate/Database/Connection->runQueryCallback('insert into \"ta...', Array, Object(Closure))
#3 C:/xampp/htdocs/johnceniza/vendor/laravel/framework/src/Illuminate/Database/Connection.php(573): Illuminate/Database/Connection->run('insert into \"ta...', Array, Object(Closure))
#4 C:/xampp/htdocs/johnceniza/vendor/laravel/framework/src/Illuminate/Database/Connection.php(537): Illuminate/Database/Connection->statement('insert into \"ta...', Array)
#5 C:/xampp/htdocs/johnceniza/vendor/laravel/framework/src/Illuminate/Database/Query/Processors/Processor.php(32): Illuminate/Database/Connection->insert('insert into \"ta...', Array)
#6 C:/xampp/htdocs/johnceniza/vendor/laravel/framework/src/Illuminate/Database/Query/Builder.php(4170): Illuminate/Database/Query/Processors/Processor->processInsertGetId(Object(Illuminate/Database/Query/Builder), 'insert into \"ta...', Array, 'id')
#7 C:/xampp/htdocs/johnceniza/vendor/laravel/framework/src/Illuminate/Database/Eloquent/Builder.php(2237): Illuminate/Database/Query/Builder->insertGetId(Array, 'id')
#8 C:/xampp/htdocs/johnceniza/vendor/laravel/framework/src/Illuminate/Database/Eloquent/Model.php(1436): Illuminate/Database/Eloquent/Builder->__call('insertGetId', Array)
#9 C:/xampp/htdocs/johnceniza/vendor/laravel/framework/src/Illuminate/Database/Eloquent/Model.php(1401): Illuminate/Database/Eloquent/Model->insertAndSetId(Object(Illuminate/Database/Eloquent/Builder), Array)
#10 C:/xampp/htdocs/johnceniza/vendor/laravel/framework/src/Illuminate/Database/Eloquent/Model.php(1240): Illuminate/Database/Eloquent/Model->performInsert(Object(Illuminate/Database/Eloquent/Builder))
#11 C:/xampp/htdocs/johnceniza/vendor/laravel/framework/src/Illuminate/Database/Eloquent/Builder.php(1219): Illuminate/Database/Eloquent/Model->save()
#12 C:/xampp/htdocs/johnceniza/vendor/laravel/framework/src/Illuminate/Support/helpers.php(393): Illuminate/Database/Eloquent/Builder->Illuminate/Database/Eloquent/{closure}(Object(App/Models/Task))
#13 C:/xampp/htdocs/johnceniza/vendor/laravel/framework/src/Illuminate/Database/Eloquent/Builder.php(1218): tap(Object(App/Models/Task), Object(Closure))
#14 C:/xampp/htdocs/johnceniza/vendor/laravel/framework/src/Illuminate/Support/Traits/ForwardsCalls.php(23): Illuminate/Database/Eloquent/Builder->create(Array)
#15 C:/xampp/htdocs/johnceniza/vendor/laravel/framework/src/Illuminate/Database/Eloquent/Model.php(2544): Illuminate/Database/Eloquent/Model->forwardCallTo(Object(Illuminate/Database/Eloquent/Builder), 'create', Array)
#16 C:/xampp/htdocs/johnceniza/vendor/laravel/framework/src/Illuminate/Database/Eloquent/Model.php(2560): Illuminate/Database/Eloquent/Model->__call('create', Array)
#17 C:/xampp/htdocs/johnceniza/app/Http/Controllers/TaskController.php(39): Illuminate/Database/Eloquent/Model::__callStatic('create', Array)
#18 C:/xampp/htdocs/johnceniza/vendor/laravel/framework/src/Illuminate/Routing/ControllerDispatcher.php(46): App/Http/Controllers/TaskController->store(Object(Illuminate/Http/Request))
#19 C:/xampp/htdocs/johnceniza/vendor/laravel/framework/src/Illuminate/Routing/Route.php(265): Illuminate/Routing/ControllerDispatcher->dispatch(Object(Illuminate/Routing/Route), Object(App/Http/Controllers/TaskController), 'store')
#20 C:/xampp/htdocs/johnceniza/vendor/laravel/framework/src/Illuminate/Routing/Route.php(211): Illuminate/Routing/Route->runController()
#21 C:/xampp/htdocs/johnceniza/vendor/laravel/framework/src/Illuminate/Routing/Router.php(822): Illuminate/Routing/Route->run()
#22 C:/xampp/htdocs/johnceniza/vendor/laravel/framework/src/Illuminate/Pipeline/Pipeline.php(180): Illuminate/Routing/Router->Illuminate/Routing/{closure}(Object(Illuminate/Http/Request))
#23 C:/xampp/htdocs/johnceniza/vendor/laravel/framework/src/Illuminate/Routing/Middleware/SubstituteBindings.php(50): Illuminate/Pipeline/Pipeline->Illuminate/Pipeline/{closure}(Object(Illuminate/Http/Request))
#24 C:/xampp/htdocs/johnceniza/vendor/laravel/framework/src/Illuminate/Pipeline/Pipeline.php(219): Illuminate/Routing/Middleware/SubstituteBindings->handle(Object(Illuminate/Http/Request), Object(Closure))
#25 C:/xampp/htdocs/johnceniza/vendor/laravel/framework/src/Illuminate/Foundation/Http/Middleware/VerifyCsrfToken.php(87): Illuminate/Pipeline/Pipeline->Illuminate/Pipeline/{closure}(Object(Illuminate/Http/Request))
#26 C:/xampp/htdocs/johnceniza/vendor/laravel/framework/src/Illuminate/Pipeline/Pipeline.php(219): Illuminate/Foundation/Http/Middleware/VerifyCsrfToken->handle(Object(Illuminate/Http/Request), Object(Closure))
#27 C:/xampp/htdocs/johnceniza/vendor/laravel/framework/src/Illuminate/View/Middleware/ShareErrorsFromSession.php(48): Illuminate/Pipeline/Pipeline->Illuminate/Pipeline/{closure}(Object(Illuminate/Http/Request))
#28 C:/xampp/htdocs/johnceniza/vendor/laravel/framework/src/Illuminate/Pipeline/Pipeline.php(219): Illuminate/View/Middleware/ShareErrorsFromSession->handle(Object(Illuminate/Http/Request), Object(Closure))
#29 C:/xampp/htdocs/johnceniza/vendor/laravel/framework/src/Illuminate/Session/Middleware/StartSession.php(120): Illuminate/Pipeline/Pipeline->Illuminate/Pipeline/{closure}(Object(Illuminate/Http/Request))
#30 C:/xampp/htdocs/johnceniza/vendor/laravel/framework/src/Illuminate/Session/Middleware/StartSession.php(63): Illuminate/Session/Middleware/StartSession->handleStatefulRequest(Object(Illuminate/Http/Request), Object(Illuminate/Session/Store), Object(Closure))
#31 C:/xampp/htdocs/johnceniza/vendor/laravel/framework/src/Illuminate/Pipeline/Pipeline.php(219): Illuminate/Session/Middleware/StartSession->handle(Object(Illuminate/Http/Request), Object(Closure))
#32 C:/xampp/htdocs/johnceniza/vendor/laravel/framework/src/Illuminate/Cookie/Middleware/AddQueuedCookiesToResponse.php(36): Illuminate/Pipeline/Pipeline->Illuminate/Pipeline/{closure}(Object(Illuminate/Http/Request))
#33 C:/xampp/htdocs/johnceniza/vendor/laravel/framework/src/Illuminate/Pipeline/Pipeline.php(219): Illuminate/Cookie/Middleware/AddQueuedCookiesToResponse->handle(Object(Illuminate/Http/Request), Object(Closure))
#34 C:/xampp/htdocs/johnceniza/vendor/laravel/framework/src/Illuminate/Cookie/Middleware/EncryptCookies.php(74): Illuminate/Pipeline/Pipeline->Illuminate/Pipeline/{closure}(Object(Illuminate/Http/Request))
#35 C:/xampp/htdocs/johnceniza/vendor/laravel/framework/src/Illuminate/Pipeline/Pipeline.php(219): Illuminate/Cookie/Middleware/EncryptCookies->handle(Object(Illuminate/Http/Request), Object(Closure))
#36 C:/xampp/htdocs/johnceniza/vendor/laravel/framework/src/Illuminate/Pipeline/Pipeline.php(137): Illuminate/Pipeline/Pipeline->Illuminate/Pipeline/{closure}(Object(Illuminate/Http/Request))
#37 C:/xampp/htdocs/johnceniza/vendor/laravel/framework/src/Illuminate/Routing/Router.php(821): Illuminate/Pipeline/Pipeline->then(Object(Closure))
#38 C:/xampp/htdocs/johnceniza/vendor/laravel/framework/src/Illuminate/Routing/Router.php(800): Illuminate/Routing/Router->runRouteWithinStack(Object(Illuminate/Routing/Route), Object(Illuminate/Http/Request))
#39 C:/xampp/htdocs/johnceniza/vendor/laravel/framework/src/Illuminate/Routing/Router.php(764): Illuminate/Routing/Router->runRoute(Object(Illuminate/Http/Request), Object(Illuminate/Routing/Route))
#40 C:/xampp/htdocs/johnceniza/vendor/laravel/framework/src/Illuminate/Routing/Router.php(753): Illuminate/Routing/Router->dispatchToRoute(Object(Illuminate/Http/Request))
#41 C:/xampp/htdocs/johnceniza/vendor/laravel/framework/src/Illuminate/Foundation/Http/Kernel.php(200): Illuminate/Routing/Router->dispatch(Object(Illuminate/Http/Request))
#42 C:/xampp/htdocs/johnceniza/vendor/laravel/framework/src/Illuminate/Pipeline/Pipeline.php(180): Illuminate/Foundation/Http/Kernel->Illuminate/Foundation/Http/{closure}(Object(Illuminate/Http/Request))
#43 C:/xampp/htdocs/johnceniza/vendor/laravel/framework/src/Illuminate/Foundation/Http/Middleware/TransformsRequest.php(21): Illuminate/Pipeline/Pipeline->Illuminate/Pipeline/{closure}(Object(Illuminate/Http/Request))
#44 C:/xampp/htdocs/johnceniza/vendor/laravel/framework/src/Illuminate/Foundation/Http/Middleware/ConvertEmptyStringsToNull.php(31): Illuminate/Foundation/Http/Middleware/TransformsRequest->handle(Object(Illuminate/Http/Request), Object(Closure))
#45 C:/xampp/htdocs/johnceniza/vendor/laravel/framework/src/Illuminate/Pipeline/Pipeline.php(219): Illuminate/Foundation/Http/Middleware/ConvertEmptyStringsToNull->handle(Object(Illuminate/Http/Request), Object(Closure))
#46 C:/xampp/htdocs/johnceniza/vendor/laravel/framework/src/Illuminate/Foundation/Http/Middleware/TransformsRequest.php(21): Illuminate/Pipeline/Pipeline->Illuminate/Pipeline/{closure}(Object(Illuminate/Http/Request))
#47 C:/xampp/htdocs/johnceniza/vendor/laravel/framework/src/Illuminate/Foundation/Http/Middleware/TrimStrings.php(51): Illuminate/Foundation/Http/Middleware/TransformsRequest->handle(Object(Illuminate/Http/Request), Object(Closure))
#48 C:/xampp/htdocs/johnceniza/vendor/laravel/framework/src/Illuminate/Pipeline/Pipeline.php(219): Illuminate/Foundation/Http/Middleware/TrimStrings->handle(Object(Illuminate/Http/Request), Object(Closure))
#49 C:/xampp/htdocs/johnceniza/vendor/laravel/framework/src/Illuminate/Http/Middleware/ValidatePostSize.php(27): Illuminate/Pipeline/Pipeline->Illuminate/Pipeline/{closure}(Object(Illuminate/Http/Request))
#50 C:/xampp/htdocs/johnceniza/vendor/laravel/framework/src/Illuminate/Pipeline/Pipeline.php(219): Illuminate/Http/Middleware/ValidatePostSize->handle(Object(Illuminate/Http/Request), Object(Closure))
#51 C:/xampp/htdocs/johnceniza/vendor/laravel/framework/src/Illuminate/Foundation/Http/Middleware/PreventRequestsDuringMaintenance.php(109): Illuminate/Pipeline/Pipeline->Illuminate/Pipeline/{closure}(Object(Illuminate/Http/Request))
#52 C:/xampp/htdocs/johnceniza/vendor/laravel/framework/src/Illuminate/Pipeline/Pipeline.php(219): Illuminate/Foundation/Http/Middleware/PreventRequestsDuringMaintenance->handle(Object(Illuminate/Http/Request), Object(Closure))
#53 C:/xampp/htdocs/johnceniza/vendor/laravel/framework/src/Illuminate/Http/Middleware/HandleCors.php(61): Illuminate/Pipeline/Pipeline->Illuminate/Pipeline/{closure}(Object(Illuminate/Http/Request))
#54 C:/xampp/htdocs/johnceniza/vendor/laravel/framework/src/Illuminate/Pipeline/Pipeline.php(219): Illuminate/Http/Middleware/HandleCors->handle(Object(Illuminate/Http/Request), Object(Closure))
#55 C:/xampp/htdocs/johnceniza/vendor/laravel/framework/src/Illuminate/Http/Middleware/TrustProxies.php(58): Illuminate/Pipeline/Pipeline->Illuminate/Pipeline/{closure}(Object(Illuminate/Http/Request))
#56 C:/xampp/htdocs/johnceniza/vendor/laravel/framework/src/Illuminate/Pipeline/Pipeline.php(219): Illuminate/Http/Middleware/TrustProxies->handle(Object(Illuminate/Http/Request), Object(Closure))
#57 C:/xampp/htdocs/johnceniza/vendor/laravel/framework/src/Illuminate/Foundation/Http/Middleware/InvokeDeferredCallbacks.php(22): Illuminate/Pipeline/Pipeline->Illuminate/Pipeline/{closure}(Object(Illuminate/Http/Request))
#58 C:/xampp/htdocs/johnceniza/vendor/laravel/framework/src/Illuminate/Pipeline/Pipeline.php(219): Illuminate/Foundation/Http/Middleware/InvokeDeferredCallbacks->handle(Object(Illuminate/Http/Request), Object(Closure))
#59 C:/xampp/htdocs/johnceniza/vendor/laravel/framework/src/Illuminate/Http/Middleware/ValidatePathEncoding.php(26): Illuminate/Pipeline/Pipeline->Illuminate/Pipeline/{closure}(Object(Illuminate/Http/Request))
#60 C:/xampp/htdocs/johnceniza/vendor/laravel/framework/src/Illuminate/Pipeline/Pipeline.php(219): Illuminate/Http/Middleware/ValidatePathEncoding->handle(Object(Illuminate/Http/Request), Object(Closure))
#61 C:/xampp/htdocs/johnceniza/vendor/laravel/framework/src/Illuminate/Pipeline/Pipeline.php(137): Illuminate/Pipeline/Pipeline->Illuminate/Pipeline/{closure}(Object(Illuminate/Http/Request))
#62 C:/xampp/htdocs/johnceniza/vendor/laravel/framework/src/Illuminate/Foundation/Http/Kernel.php(175): Illuminate/Pipeline/Pipeline->then(Object(Closure))
#63 C:/xampp/htdocs/johnceniza/vendor/laravel/framework/src/Illuminate/Foundation/Http/Kernel.php(144): Illuminate/Foundation/Http/Kernel->sendRequestThroughRouter(Object(Illuminate/Http/Request))
#64 C:/xampp/htdocs/johnceniza/vendor/laravel/framework/src/Illuminate/Foundation/Application.php(1220): Illuminate/Foundation/Http/Kernel->handle(Object(Illuminate/Http/Request))
#65 C:/xampp/htdocs/johnceniza/public/index.php(20): Illuminate/Foundation/Application->handleRequest(Object(Illuminate/Http/Request))
#66 C:/xampp/htdocs/johnceniza/vendor/laravel/framework/src/Illuminate/Foundation/resources/server.php(23): require_once('C://xampp//htdocs...')
#67 {main}
"} 
[2026-09-24 16:29:56] local.ERROR: SQLSTATE[HY000] [1049] Unknown database 'laravel' (Connection: mysql, Host: 127.0.0.1, Port: 3306, Database: laravel, SQL: select * from `sessions` where `id` = Osi5At1IHw8lbJqWr8uhB3Xw95Xqrk2vHNueoK1O limit 1) {"exception":"[object] (Illuminate\\Database\\QueryException(code: 1049): SQLSTATE[HY000] [1049] Unknown database 'laravel' (Connection: mysql, Host: 127.0.0.1, Port: 3306, Database: laravel, SQL: select * from `sessions` where `id` = Osi5At1IHw8lbJqWr8uhB3Xw95Xqrk2vHNueoK1O limit 1) at C:/xampp/htdocs/johnceniza/vendor/laravel/framework/src/Illuminate/Database/Connection.php:838)
[stacktrace]
#0 C:/xampp/htdocs/johnceniza/vendor/laravel/framework/src/Illuminate/Database/Connection.php(794): Illuminate/Database/Connection->runQueryCallback('select * from `...', Array, Object(Closure))
#1 C:/xampp/htdocs/johnceniza/vendor/laravel/framework/src/Illuminate/Database/Connection.php(411): Illuminate/Database/Connection->run('select * from `...', Array, Object(Closure))
#2 C:/xampp/htdocs/johnceniza/vendor/laravel/framework/src/Illuminate/Database/Query/Builder.php(3505): Illuminate/Database/Connection->select('select * from `...', Array, false)
#3 C:/xampp/htdocs/johnceniza/vendor/laravel/framework/src/Illuminate/Database/Query/Builder.php(3490): Illuminate/Database/Query/Builder->runSelect()
#4 C:/xampp/htdocs/johnceniza/vendor/laravel/framework/src/Illuminate/Database/Query/Builder.php(4080): Illuminate/Database/Query/Builder->Illuminate/Database/Query/{closure}()
#5 C:/xampp/htdocs/johnceniza/vendor/laravel/framework/src/Illuminate/Database/Query/Builder.php(3489): Illuminate/Database/Query/Builder->onceWithColumns(Array, Object(Closure))
#6 C:/xampp/htdocs/johnceniza/vendor/laravel/framework/src/Illuminate/Database/Concerns/BuildsQueries.php(366): Illuminate/Database/Query/Builder->get(Array)
#7 C:/xampp/htdocs/johnceniza/vendor/laravel/framework/src/Illuminate/Database/Query/Builder.php(3412): Illuminate/Database/Query/Builder->first(Array)
#8 C:/xampp/htdocs/johnceniza/vendor/laravel/framework/src/Illuminate/Session/DatabaseSessionHandler.php(96): Illuminate/Database/Query/Builder->find('Osi5At1IHw8lbJq...')
#9 C:/xampp/htdocs/johnceniza/vendor/laravel/framework/src/Illuminate/Session/Store.php(128): Illuminate/Session/DatabaseSessionHandler->read('Osi5At1IHw8lbJq...')
#10 C:/xampp/htdocs/johnceniza/vendor/laravel/framework/src/Illuminate/Session/Store.php(116): Illuminate/Session/Store->readFromHandler()
#11 C:/xampp/htdocs/johnceniza/vendor/laravel/framework/src/Illuminate/Session/Store.php(100): Illuminate/Session/Store->loadSession()
#12 C:/xampp/htdocs/johnceniza/vendor/laravel/framework/src/Illuminate/Session/Middleware/StartSession.php(146): Illuminate/Session/Store->start()
#13 C:/xampp/htdocs/johnceniza/vendor/laravel/framework/src/Illuminate/Support/helpers.php(393): Illuminate/Session/Middleware/StartSession->Illuminate/Session/Middleware/{closure}(Object(Illuminate/Session/Store))
#14 C:/xampp/htdocs/johnceniza/vendor/laravel/framework/src/Illuminate/Session/Middleware/StartSession.php(143): tap(Object(Illuminate/Session/Store), Object(Closure))
#15 C:/xampp/htdocs/johnceniza/vendor/laravel/framework/src/Illuminate/Session/Middleware/StartSession.php(115): Illuminate/Session/Middleware/StartSession->startSession(Object(Illuminate/Http/Request), Object(Illuminate/Session/Store))
#16 C:/xampp/htdocs/johnceniza/vendor/laravel/framework/src/Illuminate/Session/Middleware/StartSession.php(63): Illuminate/Session/Middleware/StartSession->handleStatefulRequest(Object(Illuminate/Http/Request), Object(Illuminate/Session/Store), Object(Closure))
#17 C:/xampp/htdocs/johnceniza/vendor/laravel/framework/src/Illuminate/Pipeline/Pipeline.php(219): Illuminate/Session/Middleware/StartSession->handle(Object(Illuminate/Http/Request), Object(Closure))
#18 C:/xampp/htdocs/johnceniza/vendor/laravel/framework/src/Illuminate/Cookie/Middleware/AddQueuedCookiesToResponse.php(36): Illuminate/Pipeline/Pipeline->Illuminate/Pipeline/{closure}(Object(Illuminate/Http/Request))
#19 C:/xampp/htdocs/johnceniza/vendor/laravel/framework/src/Illuminate/Pipeline/Pipeline.php(219): Illuminate/Cookie/Middleware/AddQueuedCookiesToResponse->handle(Object(Illuminate/Http/Request), Object(Closure))
#20 C:/xampp/htdocs/johnceniza/vendor/laravel/framework/src/Illuminate/Cookie/Middleware/EncryptCookies.php(74): Illuminate/Pipeline/Pipeline->Illuminate/Pipeline/{closure}(Object(Illuminate/Http/Request))
#21 C:/xampp/htdocs/johnceniza/vendor/laravel/framework/src/Illuminate/Pipeline/Pipeline.php(219): Illuminate/Cookie/Middleware/EncryptCookies->handle(Object(Illuminate/Http/Request), Object(Closure))
#22 C:/xampp/htdocs/johnceniza/vendor/laravel/framework/src/Illuminate/Pipeline/Pipeline.php(137): Illuminate/Pipeline/Pipeline->Illuminate/Pipeline/{closure}(Object(Illuminate/Http/Request))
#23 C:/xampp/htdocs/johnceniza/vendor/laravel/framework/src/Illuminate/Routing/Router.php(821): Illuminate/Pipeline/Pipeline->then(Object(Closure))
#24 C:/xampp/htdocs/johnceniza/vendor/laravel/framework/src/Illuminate/Routing/Router.php(800): Illuminate/Routing/Router->runRouteWithinStack(Object(Illuminate/Routing/Route), Object(Illuminate/Http/Request))
#25 C:/xampp/htdocs/johnceniza/vendor/laravel/framework/src/Illuminate/Routing/Router.php(764): Illuminate/Routing/Router->runRoute(Object(Illuminate/Http/Request), Object(Illuminate/Routing/Route))
#26 C:/xampp/htdocs/johnceniza/vendor/laravel/framework/src/Illuminate/Routing/Router.php(753): Illuminate/Routing/Router->dispatchToRoute(Object(Illuminate/Http/Request))
#27 C:/xampp/htdocs/johnceniza/vendor/laravel/framework/src/Illuminate/Foundation/Http/Kernel.php(200): Illuminate/Routing/Router->dispatch(Object(Illuminate/Http/Request))
#28 C:/xampp/htdocs/johnceniza/vendor/laravel/framework/src/Illuminate/Pipeline/Pipeline.php(180): Illuminate/Foundation/Http/Kernel->Illuminate/Foundation/Http/{closure}(Object(Illuminate/Http/Request))
#29 C:/xampp/htdocs/johnceniza/vendor/laravel/framework/src/Illuminate/Foundation/Http/Middleware/TransformsRequest.php(21): Illuminate/Pipeline/Pipeline->Illuminate/Pipeline/{closure}(Object(Illuminate/Http/Request))
#30 C:/xampp/htdocs/johnceniza/vendor/laravel/framework/src/Illuminate/Foundation/Http/Middleware/ConvertEmptyStringsToNull.php(31): Illuminate/Foundation/Http/Middleware/TransformsRequest->handle(Object(Illuminate/Http/Request), Object(Closure))
#31 C:/xampp/htdocs/johnceniza/vendor/laravel/framework/src/Illuminate/Pipeline/Pipeline.php(219): Illuminate/Foundation/Http/Middleware/ConvertEmptyStringsToNull->handle(Object(Illuminate/Http/Request), Object(Closure))
#32 C:/xampp/htdocs/johnceniza/vendor/laravel/framework/src/Illuminate/Foundation/Http/Middleware/TransformsRequest.php(21): Illuminate/Pipeline/Pipeline->Illuminate/Pipeline/{closure}(Object(Illuminate/Http/Request))
#33 C:/xampp/htdocs/johnceniza/vendor/laravel/framework/src/Illuminate/Foundation/Http/Middleware/TrimStrings.php(51): Illuminate/Foundation/Http/Middleware/TransformsRequest->handle(Object(Illuminate/Http/Request), Object(Closure))
#34 C:/xampp/htdocs/johnceniza/vendor/laravel/framework/src/Illuminate/Pipeline/Pipeline.php(219): Illuminate/Foundation/Http/Middleware/TrimStrings->handle(Object(Illuminate/Http/Request), Object(Closure))
#35 C:/xampp/htdocs/johnceniza/vendor/laravel/framework/src/Illuminate/Http/Middleware/ValidatePostSize.php(27): Illuminate/Pipeline/Pipeline->Illuminate/Pipeline/{closure}(Object(Illuminate/Http/Request))
#36 C:/xampp/htdocs/johnceniza/vendor/laravel/framework/src/Illuminate/Pipeline/Pipeline.php(219): Illuminate/Http/Middleware/ValidatePostSize->handle(Object(Illuminate/Http/Request), Object(Closure))
#37 C:/xampp/htdocs/johnceniza/vendor/laravel/framework/src/Illuminate/Foundation/Http/Middleware/PreventRequestsDuringMaintenance.php(109): Illuminate/Pipeline/Pipeline->Illuminate/Pipeline/{closure}(Object(Illuminate/Http/Request))
#38 C:/xampp/htdocs/johnceniza/vendor/laravel/framework/src/Illuminate/Pipeline/Pipeline.php(219): Illuminate/Foundation/Http/Middleware/PreventRequestsDuringMaintenance->handle(Object(Illuminate/Http/Request), Object(Closure))
#39 C:/xampp/htdocs/johnceniza/vendor/laravel/framework/src/Illuminate/Http/Middleware/HandleCors.php(61): Illuminate/Pipeline/Pipeline->Illuminate/Pipeline/{closure}(Object(Illuminate/Http/Request))
#40 C:/xampp/htdocs/johnceniza/vendor/laravel/framework/src/Illuminate/Pipeline/Pipeline.php(219): Illuminate/Http/Middleware/HandleCors->handle(Object(Illuminate/Http/Request), Object(Closure))
#41 C:/xampp/htdocs/johnceniza/vendor/laravel/framework/src/Illuminate/Http/Middleware/TrustProxies.php(58): Illuminate/Pipeline/Pipeline->Illuminate/Pipeline/{closure}(Object(Illuminate/Http/Request))
#42 C:/xampp/htdocs/johnceniza/vendor/laravel/framework/src/Illuminate/Pipeline/Pipeline.php(219): Illuminate/Http/Middleware/TrustProxies->handle(Object(Illuminate/Http/Request), Object(Closure))
#43 C:/xampp/htdocs/johnceniza/vendor/laravel/framework/src/Illuminate/Foundation/Http/Middleware/InvokeDeferredCallbacks.php(22): Illuminate/Pipeline/Pipeline->Illuminate/Pipeline/{closure}(Object(Illuminate/Http/Request))
#44 C:/xampp/htdocs/johnceniza/vendor/laravel/framework/src/Illuminate/Pipeline/Pipeline.php(219): Illuminate/Foundation/Http/Middleware/InvokeDeferredCallbacks->handle(Object(Illuminate/Http/Request), Object(Closure))
#45 C:/xampp/htdocs/johnceniza/vendor/laravel/framework/src/Illuminate/Http/Middleware/ValidatePathEncoding.php(26): Illuminate/Pipeline/Pipeline->Illuminate/Pipeline/{closure}(Object(Illuminate/Http/Request))
#46 C:/xampp/htdocs/johnceniza/vendor/laravel/framework/src/Illuminate/Pipeline/Pipeline.php(219): Illuminate/Http/Middleware/ValidatePathEncoding->handle(Object(Illuminate/Http/Request), Object(Closure))
#47 C:/xampp/htdocs/johnceniza/vendor/laravel/framework/src/Illuminate/Pipeline/Pipeline.php(137): Illuminate/Pipeline/Pipeline->Illuminate/Pipeline/{closure}(Object(Illuminate/Http/Request))
#48 C:/xampp/htdocs/johnceniza/vendor/laravel/framework/src/Illuminate/Foundation/Http/Kernel.php(175): Illuminate/Pipeline/Pipeline->then(Object(Closure))
#49 C:/xampp/htdocs/johnceniza/vendor/laravel/framework/src/Illuminate/Foundation/Http/Kernel.php(144): Illuminate/Foundation/Http/Kernel->sendRequestThroughRouter(Object(Illuminate/Http/Request))
#50 C:/xampp/htdocs/johnceniza/vendor/laravel/framework/src/Illuminate/Foundation/Application.php(1220): Illuminate/Foundation/Http/Kernel->handle(Object(Illuminate/Http/Request))
#51 C:/xampp/htdocs/johnceniza/public/index.php(20): Illuminate/Foundation/Application->handleRequest(Object(Illuminate/Http/Request))
#52 C:/xampp/htdocs/johnceniza/vendor/laravel/framework/src/Illuminate/Foundation/resources/server.php(23): require_once('C://xampp//htdocs...')
#53 {main}

[previous exception] [object] (PDOException(code: 1049): SQLSTATE[HY000] [1049] Unknown database 'laravel' at C:/xampp/htdocs/johnceniza/vendor/laravel/framework/src/Illuminate/Database/Connectors/Connector.php:66)
[stacktrace]
#0 C:/xampp/htdocs/johnceniza/vendor/laravel/framework/src/Illuminate/Database/Connectors/Connector.php(66): PDO->__construct('mysql:host=127....', 'root', Object(SensitiveParameterValue), Array)
#1 C:/xampp/htdocs/johnceniza/vendor/laravel/framework/src/Illuminate/Database/Connectors/Connector.php(44): Illuminate/Database/Connectors/Connector->createPdoConnection('mysql:host=127....', 'root', Object(SensitiveParameterValue), Array)
#2 C:/xampp/htdocs/johnceniza/vendor/laravel/framework/src/Illuminate/Database/Connectors/MySqlConnector.php(24): Illuminate/Database/Connectors/Connector->createConnection('mysql:host=127....', Array, Array)
#3 C:/xampp/htdocs/johnceniza/vendor/laravel/framework/src/Illuminate/Database/Connectors/ConnectionFactory.php(186): Illuminate/Database/Connectors/MySqlConnector->connect(Array)
#4 [internal function]: Illuminate/Database/Connectors/ConnectionFactory->Illuminate/Database/Connectors/{closure}()
#5 C:/xampp/htdocs/johnceniza/vendor/laravel/framework/src/Illuminate/Database/Connection.php(1257): call_user_func(Object(Closure))
#6 C:/xampp/htdocs/johnceniza/vendor/laravel/framework/src/Illuminate/Database/Connection.php(525): Illuminate/Database/Connection->getPdo()
#7 C:/xampp/htdocs/johnceniza/vendor/laravel/framework/src/Illuminate/Database/Connection.php(420): Illuminate/Database/Connection->getPdoForSelect(false)
#8 C:/xampp/htdocs/johnceniza/vendor/laravel/framework/src/Illuminate/Database/Connection.php(827): Illuminate/Database/Connection->Illuminate/Database/{closure}('select * from `...', Array)
#9 C:/xampp/htdocs/johnceniza/vendor/laravel/framework/src/Illuminate/Database/Connection.php(794): Illuminate/Database/Connection->runQueryCallback('select * from `...', Array, Object(Closure))
#10 C:/xampp/htdocs/johnceniza/vendor/laravel/framework/src/Illuminate/Database/Connection.php(411): Illuminate/Database/Connection->run('select * from `...', Array, Object(Closure))
#11 C:/xampp/htdocs/johnceniza/vendor/laravel/framework/src/Illuminate/Database/Query/Builder.php(3505): Illuminate/Database/Connection->select('select * from `...', Array, false)
#12 C:/xampp/htdocs/johnceniza/vendor/laravel/framework/src/Illuminate/Database/Query/Builder.php(3490): Illuminate/Database/Query/Builder->runSelect()
#13 C:/xampp/htdocs/johnceniza/vendor/laravel/framework/src/Illuminate/Database/Query/Builder.php(4080): Illuminate/Database/Query/Builder->Illuminate/Database/Query/{closure}()
#14 C:/xampp/htdocs/johnceniza/vendor/laravel/framework/src/Illuminate/Database/Query/Builder.php(3489): Illuminate/Database/Query/Builder->onceWithColumns(Array, Object(Closure))
#15 C:/xampp/htdocs/johnceniza/vendor/laravel/framework/src/Illuminate/Database/Concerns/BuildsQueries.php(366): Illuminate/Database/Query/Builder->get(Array)
#16 C:/xampp/htdocs/johnceniza/vendor/laravel/framework/src/Illuminate/Database/Query/Builder.php(3412): Illuminate/Database/Query/Builder->first(Array)
#17 C:/xampp/htdocs/johnceniza/vendor/laravel/framework/src/Illuminate/Session/DatabaseSessionHandler.php(96): Illuminate/Database/Query/Builder->find('Osi5At1IHw8lbJq...')
#18 C:/xampp/htdocs/johnceniza/vendor/laravel/framework/src/Illuminate/Session/Store.php(128): Illuminate/Session/DatabaseSessionHandler->read('Osi5At1IHw8lbJq...')
#19 C:/xampp/htdocs/johnceniza/vendor/laravel/framework/src/Illuminate/Session/Store.php(116): Illuminate/Session/Store->readFromHandler()
#20 C:/xampp/htdocs/johnceniza/vendor/laravel/framework/src/Illuminate/Session/Store.php(100): Illuminate/Session/Store->loadSession()
#21 C:/xampp/htdocs/johnceniza/vendor/laravel/framework/src/Illuminate/Session/Middleware/StartSession.php(146): Illuminate/Session/Store->start()
#22 C:/xampp/htdocs/johnceniza/vendor/laravel/framework/src/Illuminate/Support/helpers.php(393): Illuminate/Session/Middleware/StartSession->Illuminate/Session/Middleware/{closure}(Object(Illuminate/Session/Store))
#23 C:/xampp/htdocs/johnceniza/vendor/laravel/framework/src/Illuminate/Session/Middleware/StartSession.php(143): tap(Object(Illuminate/Session/Store), Object(Closure))
#24 C:/xampp/htdocs/johnceniza/vendor/laravel/framework/src/Illuminate/Session/Middleware/StartSession.php(115): Illuminate/Session/Middleware/StartSession->startSession(Object(Illuminate/Http/Request), Object(Illuminate/Session/Store))
#25 C:/xampp/htdocs/johnceniza/vendor/laravel/framework/src/Illuminate/Session/Middleware/StartSession.php(63): Illuminate/Session/Middleware/StartSession->handleStatefulRequest(Object(Illuminate/Http/Request), Object(Illuminate/Session/Store), Object(Closure))
#26 C:/xampp/htdocs/johnceniza/vendor/laravel/framework/src/Illuminate/Pipeline/Pipeline.php(219): Illuminate/Session/Middleware/StartSession->handle(Object(Illuminate/Http/Request), Object(Closure))
#27 C:/xampp/htdocs/johnceniza/vendor/laravel/framework/src/Illuminate/Cookie/Middleware/AddQueuedCookiesToResponse.php(36): Illuminate/Pipeline/Pipeline->Illuminate/Pipeline/{closure}(Object(Illuminate/Http/Request))
#28 C:/xampp/htdocs/johnceniza/vendor/laravel/framework/src/Illuminate/Pipeline/Pipeline.php(219): Illuminate/Cookie/Middleware/AddQueuedCookiesToResponse->handle(Object(Illuminate/Http/Request), Object(Closure))
#29 C:/xampp/htdocs/johnceniza/vendor/laravel/framework/src/Illuminate/Cookie/Middleware/EncryptCookies.php(74): Illuminate/Pipeline/Pipeline->Illuminate/Pipeline/{closure}(Object(Illuminate/Http/Request))
#30 C:/xampp/htdocs/johnceniza/vendor/laravel/framework/src/Illuminate/Pipeline/Pipeline.php(219): Illuminate/Cookie/Middleware/EncryptCookies->handle(Object(Illuminate/Http/Request), Object(Closure))
#31 C:/xampp/htdocs/johnceniza/vendor/laravel/framework/src/Illuminate/Pipeline/Pipeline.php(137): Illuminate/Pipeline/Pipeline->Illuminate/Pipeline/{closure}(Object(Illuminate/Http/Request))
#32 C:/xampp/htdocs/johnceniza/vendor/laravel/framework/src/Illuminate/Routing/Router.php(821): Illuminate/Pipeline/Pipeline->then(Object(Closure))
#33 C:/xampp/htdocs/johnceniza/vendor/laravel/framework/src/Illuminate/Routing/Router.php(800): Illuminate/Routing/Router->runRouteWithinStack(Object(Illuminate/Routing/Route), Object(Illuminate/Http/Request))
#34 C:/xampp/htdocs/johnceniza/vendor/laravel/framework/src/Illuminate/Routing/Router.php(764): Illuminate/Routing/Router->runRoute(Object(Illuminate/Http/Request), Object(Illuminate/Routing/Route))
#35 C:/xampp/htdocs/johnceniza/vendor/laravel/framework/src/Illuminate/Routing/Router.php(753): Illuminate/Routing/Router->dispatchToRoute(Object(Illuminate/Http/Request))
#36 C:/xampp/htdocs/johnceniza/vendor/laravel/framework/src/Illuminate/Foundation/Http/Kernel.php(200): Illuminate/Routing/Router->dispatch(Object(Illuminate/Http/Request))
#37 C:/xampp/htdocs/johnceniza/vendor/laravel/framework/src/Illuminate/Pipeline/Pipeline.php(180): Illuminate/Foundation/Http/Kernel->Illuminate/Foundation/Http/{closure}(Object(Illuminate/Http/Request))
#38 C:/xampp/htdocs/johnceniza/vendor/laravel/framework/src/Illuminate/Foundation/Http/Middleware/TransformsRequest.php(21): Illuminate/Pipeline/Pipeline->Illuminate/Pipeline/{closure}(Object(Illuminate/Http/Request))
#39 C:/xampp/htdocs/johnceniza/vendor/laravel/framework/src/Illuminate/Foundation/Http/Middleware/ConvertEmptyStringsToNull.php(31): Illuminate/Foundation/Http/Middleware/TransformsRequest->handle(Object(Illuminate/Http/Request), Object(Closure))
#40 C:/xampp/htdocs/johnceniza/vendor/laravel/framework/src/Illuminate/Pipeline/Pipeline.php(219): Illuminate/Foundation/Http/Middleware/ConvertEmptyStringsToNull->handle(Object(Illuminate/Http/Request), Object(Closure))
#41 C:/xampp/htdocs/johnceniza/vendor/laravel/framework/src/Illuminate/Foundation/Http/Middleware/TransformsRequest.php(21): Illuminate/Pipeline/Pipeline->Illuminate/Pipeline/{closure}(Object(Illuminate/Http/Request))
#42 C:/xampp/htdocs/johnceniza/vendor/laravel/framework/src/Illuminate/Foundation/Http/Middleware/TrimStrings.php(51): Illuminate/Foundation/Http/Middleware/TransformsRequest->handle(Object(Illuminate/Http/Request), Object(Closure))
#43 C:/xampp/htdocs/johnceniza/vendor/laravel/framework/src/Illuminate/Pipeline/Pipeline.php(219): Illuminate/Foundation/Http/Middleware/TrimStrings->handle(Object(Illuminate/Http/Request), Object(Closure))
#44 C:/xampp/htdocs/johnceniza/vendor/laravel/framework/src/Illuminate/Http/Middleware/ValidatePostSize.php(27): Illuminate/Pipeline/Pipeline->Illuminate/Pipeline/{closure}(Object(Illuminate/Http/Request))
#45 C:/xampp/htdocs/johnceniza/vendor/laravel/framework/src/Illuminate/Pipeline/Pipeline.php(219): Illuminate/Http/Middleware/ValidatePostSize->handle(Object(Illuminate/Http/Request), Object(Closure))
#46 C:/xampp/htdocs/johnceniza/vendor/laravel/framework/src/Illuminate/Foundation/Http/Middleware/PreventRequestsDuringMaintenance.php(109): Illuminate/Pipeline/Pipeline->Illuminate/Pipeline/{closure}(Object(Illuminate/Http/Request))
#47 C:/xampp/htdocs/johnceniza/vendor/laravel/framework/src/Illuminate/Pipeline/Pipeline.php(219): Illuminate/Foundation/Http/Middleware/PreventRequestsDuringMaintenance->handle(Object(Illuminate/Http/Request), Object(Closure))
#48 C:/xampp/htdocs/johnceniza/vendor/laravel/framework/src/Illuminate/Http/Middleware/HandleCors.php(61): Illuminate/Pipeline/Pipeline->Illuminate/Pipeline/{closure}(Object(Illuminate/Http/Request))
#49 C:/xampp/htdocs/johnceniza/vendor/laravel/framework/src/Illuminate/Pipeline/Pipeline.php(219): Illuminate/Http/Middleware/HandleCors->handle(Object(Illuminate/Http/Request), Object(Closure))
#50 C:/xampp/htdocs/johnceniza/vendor/laravel/framework/src/Illuminate/Http/Middleware/TrustProxies.php(58): Illuminate/Pipeline/Pipeline->Illuminate/Pipeline/{closure}(Object(Illuminate/Http/Request))
#51 C:/xampp/htdocs/johnceniza/vendor/laravel/framework/src/Illuminate/Pipeline/Pipeline.php(219): Illuminate/Http/Middleware/TrustProxies->handle(Object(Illuminate/Http/Request), Object(Closure))
#52 C:/xampp/htdocs/johnceniza/vendor/laravel/framework/src/Illuminate/Foundation/Http/Middleware/InvokeDeferredCallbacks.php(22): Illuminate/Pipeline/Pipeline->Illuminate/Pipeline/{closure}(Object(Illuminate/Http/Request))
#53 C:/xampp/htdocs/johnceniza/vendor/laravel/framework/src/Illuminate/Pipeline/Pipeline.php(219): Illuminate/Foundation/Http/Middleware/InvokeDeferredCallbacks->handle(Object(Illuminate/Http/Request), Object(Closure))
#54 C:/xampp/htdocs/johnceniza/vendor/laravel/framework/src/Illuminate/Http/Middleware/ValidatePathEncoding.php(26): Illuminate/Pipeline/Pipeline->Illuminate/Pipeline/{closure}(Object(Illuminate/Http/Request))
#55 C:/xampp/htdocs/johnceniza/vendor/laravel/framework/src/Illuminate/Pipeline/Pipeline.php(219): Illuminate/Http/Middleware/ValidatePathEncoding->handle(Object(Illuminate/Http/Request), Object(Closure))
#56 C:/xampp/htdocs/johnceniza/vendor/laravel/framework/src/Illuminate/Pipeline/Pipeline.php(137): Illuminate/Pipeline/Pipeline->Illuminate/Pipeline/{closure}(Object(Illuminate/Http/Request))
#57 C:/xampp/htdocs/johnceniza/vendor/laravel/framework/src/Illuminate/Foundation/Http/Kernel.php(175): Illuminate/Pipeline/Pipeline->then(Object(Closure))
#58 C:/xampp/htdocs/johnceniza/vendor/laravel/framework/src/Illuminate/Foundation/Http/Kernel.php(144): Illuminate/Foundation/Http/Kernel->sendRequestThroughRouter(Object(Illuminate/Http/Request))
#59 C:/xampp/htdocs/johnceniza/vendor/laravel/framework/src/Illuminate/Foundation/Application.php(1220): Illuminate/Foundation/Http/Kernel->handle(Object(Illuminate/Http/Request))
#60 C:/xampp/htdocs/johnceniza/public/index.php(20): Illuminate/Foundation/Application->handleRequest(Object(Illuminate/Http/Request))
#61 C:/xampp/htdocs/johnceniza/vendor/laravel/framework/src/Illuminate/Foundation/resources/server.php(23): require_once('C://xampp//htdocs...')
#62 {main}
"} 
[2026-09-24 16:30:08] local.ERROR: SQLSTATE[HY000] [1049] Unknown database 'laravel' (Connection: mysql, Host: 127.0.0.1, Port: 3306, Database: laravel, SQL: select * from `sessions` where `id` = Osi5At1IHw8lbJqWr8uhB3Xw95Xqrk2vHNueoK1O limit 1) {"exception":"[object] (Illuminate\\Database\\QueryException(code: 1049): SQLSTATE[HY000] [1049] Unknown database 'laravel' (Connection: mysql, Host: 127.0.0.1, Port: 3306, Database: laravel, SQL: select * from `sessions` where `id` = Osi5At1IHw8lbJqWr8uhB3Xw95Xqrk2vHNueoK1O limit 1) at C:/xampp/htdocs/johnceniza/vendor/laravel/framework/src/Illuminate/Database/Connection.php:838)
[stacktrace]
#0 C:/xampp/htdocs/johnceniza/vendor/laravel/framework/src/Illuminate/Database/Connection.php(794): Illuminate/Database/Connection->runQueryCallback('select * from `...', Array, Object(Closure))
#1 C:/xampp/htdocs/johnceniza/vendor/laravel/framework/src/Illuminate/Database/Connection.php(411): Illuminate/Database/Connection->run('select * from `...', Array, Object(Closure))
#2 C:/xampp/htdocs/johnceniza/vendor/laravel/framework/src/Illuminate/Database/Query/Builder.php(3505): Illuminate/Database/Connection->select('select * from `...', Array, false)
#3 C:/xampp/htdocs/johnceniza/vendor/laravel/framework/src/Illuminate/Database/Query/Builder.php(3490): Illuminate/Database/Query/Builder->runSelect()
#4 C:/xampp/htdocs/johnceniza/vendor/laravel/framework/src/Illuminate/Database/Query/Builder.php(4080): Illuminate/Database/Query/Builder->Illuminate/Database/Query/{closure}()
#5 C:/xampp/htdocs/johnceniza/vendor/laravel/framework/src/Illuminate/Database/Query/Builder.php(3489): Illuminate/Database/Query/Builder->onceWithColumns(Array, Object(Closure))
#6 C:/xampp/htdocs/johnceniza/vendor/laravel/framework/src/Illuminate/Database/Concerns/BuildsQueries.php(366): Illuminate/Database/Query/Builder->get(Array)
#7 C:/xampp/htdocs/johnceniza/vendor/laravel/framework/src/Illuminate/Database/Query/Builder.php(3412): Illuminate/Database/Query/Builder->first(Array)
#8 C:/xampp/htdocs/johnceniza/vendor/laravel/framework/src/Illuminate/Session/DatabaseSessionHandler.php(96): Illuminate/Database/Query/Builder->find('Osi5At1IHw8lbJq...')
#9 C:/xampp/htdocs/johnceniza/vendor/laravel/framework/src/Illuminate/Session/Store.php(128): Illuminate/Session/DatabaseSessionHandler->read('Osi5At1IHw8lbJq...')
#10 C:/xampp/htdocs/johnceniza/vendor/laravel/framework/src/Illuminate/Session/Store.php(116): Illuminate/Session/Store->readFromHandler()
#11 C:/xampp/htdocs/johnceniza/vendor/laravel/framework/src/Illuminate/Session/Store.php(100): Illuminate/Session/Store->loadSession()
#12 C:/xampp/htdocs/johnceniza/vendor/laravel/framework/src/Illuminate/Session/Middleware/StartSession.php(146): Illuminate/Session/Store->start()
#13 C:/xampp/htdocs/johnceniza/vendor/laravel/framework/src/Illuminate/Support/helpers.php(393): Illuminate/Session/Middleware/StartSession->Illuminate/Session/Middleware/{closure}(Object(Illuminate/Session/Store))
#14 C:/xampp/htdocs/johnceniza/vendor/laravel/framework/src/Illuminate/Session/Middleware/StartSession.php(143): tap(Object(Illuminate/Session/Store), Object(Closure))
#15 C:/xampp/htdocs/johnceniza/vendor/laravel/framework/src/Illuminate/Session/Middleware/StartSession.php(115): Illuminate/Session/Middleware/StartSession->startSession(Object(Illuminate/Http/Request), Object(Illuminate/Session/Store))
#16 C:/xampp/htdocs/johnceniza/vendor/laravel/framework/src/Illuminate/Session/Middleware/StartSession.php(63): Illuminate/Session/Middleware/StartSession->handleStatefulRequest(Object(Illuminate/Http/Request), Object(Illuminate/Session/Store), Object(Closure))
#17 C:/xampp/htdocs/johnceniza/vendor/laravel/framework/src/Illuminate/Pipeline/Pipeline.php(219): Illuminate/Session/Middleware/StartSession->handle(Object(Illuminate/Http/Request), Object(Closure))
#18 C:/xampp/htdocs/johnceniza/vendor/laravel/framework/src/Illuminate/Cookie/Middleware/AddQueuedCookiesToResponse.php(36): Illuminate/Pipeline/Pipeline->Illuminate/Pipeline/{closure}(Object(Illuminate/Http/Request))
#19 C:/xampp/htdocs/johnceniza/vendor/laravel/framework/src/Illuminate/Pipeline/Pipeline.php(219): Illuminate/Cookie/Middleware/AddQueuedCookiesToResponse->handle(Object(Illuminate/Http/Request), Object(Closure))
#20 C:/xampp/htdocs/johnceniza/vendor/laravel/framework/src/Illuminate/Cookie/Middleware/EncryptCookies.php(74): Illuminate/Pipeline/Pipeline->Illuminate/Pipeline/{closure}(Object(Illuminate/Http/Request))
#21 C:/xampp/htdocs/johnceniza/vendor/laravel/framework/src/Illuminate/Pipeline/Pipeline.php(219): Illuminate/Cookie/Middleware/EncryptCookies->handle(Object(Illuminate/Http/Request), Object(Closure))
#22 C:/xampp/htdocs/johnceniza/vendor/laravel/framework/src/Illuminate/Pipeline/Pipeline.php(137): Illuminate/Pipeline/Pipeline->Illuminate/Pipeline/{closure}(Object(Illuminate/Http/Request))
#23 C:/xampp/htdocs/johnceniza/vendor/laravel/framework/src/Illuminate/Routing/Router.php(821): Illuminate/Pipeline/Pipeline->then(Object(Closure))
#24 C:/xampp/htdocs/johnceniza/vendor/laravel/framework/src/Illuminate/Routing/Router.php(800): Illuminate/Routing/Router->runRouteWithinStack(Object(Illuminate/Routing/Route), Object(Illuminate/Http/Request))
#25 C:/xampp/htdocs/johnceniza/vendor/laravel/framework/src/Illuminate/Routing/Router.php(764): Illuminate/Routing/Router->runRoute(Object(Illuminate/Http/Request), Object(Illuminate/Routing/Route))
#26 C:/xampp/htdocs/johnceniza/vendor/laravel/framework/src/Illuminate/Routing/Router.php(753): Illuminate/Routing/Router->dispatchToRoute(Object(Illuminate/Http/Request))
#27 C:/xampp/htdocs/johnceniza/vendor/laravel/framework/src/Illuminate/Foundation/Http/Kernel.php(200): Illuminate/Routing/Router->dispatch(Object(Illuminate/Http/Request))
#28 C:/xampp/htdocs/johnceniza/vendor/laravel/framework/src/Illuminate/Pipeline/Pipeline.php(180): Illuminate/Foundation/Http/Kernel->Illuminate/Foundation/Http/{closure}(Object(Illuminate/Http/Request))
#29 C:/xampp/htdocs/johnceniza/vendor/laravel/framework/src/Illuminate/Foundation/Http/Middleware/TransformsRequest.php(21): Illuminate/Pipeline/Pipeline->Illuminate/Pipeline/{closure}(Object(Illuminate/Http/Request))
#30 C:/xampp/htdocs/johnceniza/vendor/laravel/framework/src/Illuminate/Foundation/Http/Middleware/ConvertEmptyStringsToNull.php(31): Illuminate/Foundation/Http/Middleware/TransformsRequest->handle(Object(Illuminate/Http/Request), Object(Closure))
#31 C:/xampp/htdocs/johnceniza/vendor/laravel/framework/src/Illuminate/Pipeline/Pipeline.php(219): Illuminate/Foundation/Http/Middleware/ConvertEmptyStringsToNull->handle(Object(Illuminate/Http/Request), Object(Closure))
#32 C:/xampp/htdocs/johnceniza/vendor/laravel/framework/src/Illuminate/Foundation/Http/Middleware/TransformsRequest.php(21): Illuminate/Pipeline/Pipeline->Illuminate/Pipeline/{closure}(Object(Illuminate/Http/Request))
#33 C:/xampp/htdocs/johnceniza/vendor/laravel/framework/src/Illuminate/Foundation/Http/Middleware/TrimStrings.php(51): Illuminate/Foundation/Http/Middleware/TransformsRequest->handle(Object(Illuminate/Http/Request), Object(Closure))
#34 C:/xampp/htdocs/johnceniza/vendor/laravel/framework/src/Illuminate/Pipeline/Pipeline.php(219): Illuminate/Foundation/Http/Middleware/TrimStrings->handle(Object(Illuminate/Http/Request), Object(Closure))
#35 C:/xampp/htdocs/johnceniza/vendor/laravel/framework/src/Illuminate/Http/Middleware/ValidatePostSize.php(27): Illuminate/Pipeline/Pipeline->Illuminate/Pipeline/{closure}(Object(Illuminate/Http/Request))
#36 C:/xampp/htdocs/johnceniza/vendor/laravel/framework/src/Illuminate/Pipeline/Pipeline.php(219): Illuminate/Http/Middleware/ValidatePostSize->handle(Object(Illuminate/Http/Request), Object(Closure))
#37 C:/xampp/htdocs/johnceniza/vendor/laravel/framework/src/Illuminate/Foundation/Http/Middleware/PreventRequestsDuringMaintenance.php(109): Illuminate/Pipeline/Pipeline->Illuminate/Pipeline/{closure}(Object(Illuminate/Http/Request))
#38 C:/xampp/htdocs/johnceniza/vendor/laravel/framework/src/Illuminate/Pipeline/Pipeline.php(219): Illuminate/Foundation/Http/Middleware/PreventRequestsDuringMaintenance->handle(Object(Illuminate/Http/Request), Object(Closure))
#39 C:/xampp/htdocs/johnceniza/vendor/laravel/framework/src/Illuminate/Http/Middleware/HandleCors.php(61): Illuminate/Pipeline/Pipeline->Illuminate/Pipeline/{closure}(Object(Illuminate/Http/Request))
#40 C:/xampp/htdocs/johnceniza/vendor/laravel/framework/src/Illuminate/Pipeline/Pipeline.php(219): Illuminate/Http/Middleware/HandleCors->handle(Object(Illuminate/Http/Request), Object(Closure))
#41 C:/xampp/htdocs/johnceniza/vendor/laravel/framework/src/Illuminate/Http/Middleware/TrustProxies.php(58): Illuminate/Pipeline/Pipeline->Illuminate/Pipeline/{closure}(Object(Illuminate/Http/Request))
#42 C:/xampp/htdocs/johnceniza/vendor/laravel/framework/src/Illuminate/Pipeline/Pipeline.php(219): Illuminate/Http/Middleware/TrustProxies->handle(Object(Illuminate/Http/Request), Object(Closure))
#43 C:/xampp/htdocs/johnceniza/vendor/laravel/framework/src/Illuminate/Foundation/Http/Middleware/InvokeDeferredCallbacks.php(22): Illuminate/Pipeline/Pipeline->Illuminate/Pipeline/{closure}(Object(Illuminate/Http/Request))
#44 C:/xampp/htdocs/johnceniza/vendor/laravel/framework/src/Illuminate/Pipeline/Pipeline.php(219): Illuminate/Foundation/Http/Middleware/InvokeDeferredCallbacks->handle(Object(Illuminate/Http/Request), Object(Closure))
#45 C:/xampp/htdocs/johnceniza/vendor/laravel/framework/src/Illuminate/Http/Middleware/ValidatePathEncoding.php(26): Illuminate/Pipeline/Pipeline->Illuminate/Pipeline/{closure}(Object(Illuminate/Http/Request))
#46 C:/xampp/htdocs/johnceniza/vendor/laravel/framework/src/Illuminate/Pipeline/Pipeline.php(219): Illuminate/Http/Middleware/ValidatePathEncoding->handle(Object(Illuminate/Http/Request), Object(Closure))
#47 C:/xampp/htdocs/johnceniza/vendor/laravel/framework/src/Illuminate/Pipeline/Pipeline.php(137): Illuminate/Pipeline/Pipeline->Illuminate/Pipeline/{closure}(Object(Illuminate/Http/Request))
#48 C:/xampp/htdocs/johnceniza/vendor/laravel/framework/src/Illuminate/Foundation/Http/Kernel.php(175): Illuminate/Pipeline/Pipeline->then(Object(Closure))
#49 C:/xampp/htdocs/johnceniza/vendor/laravel/framework/src/Illuminate/Foundation/Http/Kernel.php(144): Illuminate/Foundation/Http/Kernel->sendRequestThroughRouter(Object(Illuminate/Http/Request))
#50 C:/xampp/htdocs/johnceniza/vendor/laravel/framework/src/Illuminate/Foundation/Application.php(1220): Illuminate/Foundation/Http/Kernel->handle(Object(Illuminate/Http/Request))
#51 C:/xampp/htdocs/johnceniza/public/index.php(20): Illuminate/Foundation/Application->handleRequest(Object(Illuminate/Http/Request))
#52 C:/xampp/htdocs/johnceniza/vendor/laravel/framework/src/Illuminate/Foundation/resources/server.php(23): require_once('C://xampp//htdocs...')
#53 {main}

[previous exception] [object] (PDOException(code: 1049): SQLSTATE[HY000] [1049] Unknown database 'laravel' at C:/xampp/htdocs/johnceniza/vendor/laravel/framework/src/Illuminate/Database/Connectors/Connector.php:66)
[stacktrace]
#0 C:/xampp/htdocs/johnceniza/vendor/laravel/framework/src/Illuminate/Database/Connectors/Connector.php(66): PDO->__construct('mysql:host=127....', 'root', Object(SensitiveParameterValue), Array)
#1 C:/xampp/htdocs/johnceniza/vendor/laravel/framework/src/Illuminate/Database/Connectors/Connector.php(44): Illuminate/Database/Connectors/Connector->createPdoConnection('mysql:host=127....', 'root', Object(SensitiveParameterValue), Array)
#2 C:/xampp/htdocs/johnceniza/vendor/laravel/framework/src/Illuminate/Database/Connectors/MySqlConnector.php(24): Illuminate/Database/Connectors/Connector->createConnection('mysql:host=127....', Array, Array)
#3 C:/xampp/htdocs/johnceniza/vendor/laravel/framework/src/Illuminate/Database/Connectors/ConnectionFactory.php(186): Illuminate/Database/Connectors/MySqlConnector->connect(Array)
#4 [internal function]: Illuminate/Database/Connectors/ConnectionFactory->Illuminate/Database/Connectors/{closure}()
#5 C:/xampp/htdocs/johnceniza/vendor/laravel/framework/src/Illuminate/Database/Connection.php(1257): call_user_func(Object(Closure))
#6 C:/xampp/htdocs/johnceniza/vendor/laravel/framework/src/Illuminate/Database/Connection.php(525): Illuminate/Database/Connection->getPdo()
#7 C:/xampp/htdocs/johnceniza/vendor/laravel/framework/src/Illuminate/Database/Connection.php(420): Illuminate/Database/Connection->getPdoForSelect(false)
#8 C:/xampp/htdocs/johnceniza/vendor/laravel/framework/src/Illuminate/Database/Connection.php(827): Illuminate/Database/Connection->Illuminate/Database/{closure}('select * from `...', Array)
#9 C:/xampp/htdocs/johnceniza/vendor/laravel/framework/src/Illuminate/Database/Connection.php(794): Illuminate/Database/Connection->runQueryCallback('select * from `...', Array, Object(Closure))
#10 C:/xampp/htdocs/johnceniza/vendor/laravel/framework/src/Illuminate/Database/Connection.php(411): Illuminate/Database/Connection->run('select * from `...', Array, Object(Closure))
#11 C:/xampp/htdocs/johnceniza/vendor/laravel/framework/src/Illuminate/Database/Query/Builder.php(3505): Illuminate/Database/Connection->select('select * from `...', Array, false)
#12 C:/xampp/htdocs/johnceniza/vendor/laravel/framework/src/Illuminate/Database/Query/Builder.php(3490): Illuminate/Database/Query/Builder->runSelect()
#13 C:/xampp/htdocs/johnceniza/vendor/laravel/framework/src/Illuminate/Database/Query/Builder.php(4080): Illuminate/Database/Query/Builder->Illuminate/Database/Query/{closure}()
#14 C:/xampp/htdocs/johnceniza/vendor/laravel/framework/src/Illuminate/Database/Query/Builder.php(3489): Illuminate/Database/Query/Builder->onceWithColumns(Array, Object(Closure))
#15 C:/xampp/htdocs/johnceniza/vendor/laravel/framework/src/Illuminate/Database/Concerns/BuildsQueries.php(366): Illuminate/Database/Query/Builder->get(Array)
#16 C:/xampp/htdocs/johnceniza/vendor/laravel/framework/src/Illuminate/Database/Query/Builder.php(3412): Illuminate/Database/Query/Builder->first(Array)
#17 C:/xampp/htdocs/johnceniza/vendor/laravel/framework/src/Illuminate/Session/DatabaseSessionHandler.php(96): Illuminate/Database/Query/Builder->find('Osi5At1IHw8lbJq...')
#18 C:/xampp/htdocs/johnceniza/vendor/laravel/framework/src/Illuminate/Session/Store.php(128): Illuminate/Session/DatabaseSessionHandler->read('Osi5At1IHw8lbJq...')
#19 C:/xampp/htdocs/johnceniza/vendor/laravel/framework/src/Illuminate/Session/Store.php(116): Illuminate/Session/Store->readFromHandler()
#20 C:/xampp/htdocs/johnceniza/vendor/laravel/framework/src/Illuminate/Session/Store.php(100): Illuminate/Session/Store->loadSession()
#21 C:/xampp/htdocs/johnceniza/vendor/laravel/framework/src/Illuminate/Session/Middleware/StartSession.php(146): Illuminate/Session/Store->start()
#22 C:/xampp/htdocs/johnceniza/vendor/laravel/framework/src/Illuminate/Support/helpers.php(393): Illuminate/Session/Middleware/StartSession->Illuminate/Session/Middleware/{closure}(Object(Illuminate/Session/Store))
#23 C:/xampp/htdocs/johnceniza/vendor/laravel/framework/src/Illuminate/Session/Middleware/StartSession.php(143): tap(Object(Illuminate/Session/Store), Object(Closure))
#24 C:/xampp/htdocs/johnceniza/vendor/laravel/framework/src/Illuminate/Session/Middleware/StartSession.php(115): Illuminate/Session/Middleware/StartSession->startSession(Object(Illuminate/Http/Request), Object(Illuminate/Session/Store))
#25 C:/xampp/htdocs/johnceniza/vendor/laravel/framework/src/Illuminate/Session/Middleware/StartSession.php(63): Illuminate/Session/Middleware/StartSession->handleStatefulRequest(Object(Illuminate/Http/Request), Object(Illuminate/Session/Store), Object(Closure))
#26 C:/xampp/htdocs/johnceniza/vendor/laravel/framework/src/Illuminate/Pipeline/Pipeline.php(219): Illuminate/Session/Middleware/StartSession->handle(Object(Illuminate/Http/Request), Object(Closure))
#27 C:/xampp/htdocs/johnceniza/vendor/laravel/framework/src/Illuminate/Cookie/Middleware/AddQueuedCookiesToResponse.php(36): Illuminate/Pipeline/Pipeline->Illuminate/Pipeline/{closure}(Object(Illuminate/Http/Request))
#28 C:/xampp/htdocs/johnceniza/vendor/laravel/framework/src/Illuminate/Pipeline/Pipeline.php(219): Illuminate/Cookie/Middleware/AddQueuedCookiesToResponse->handle(Object(Illuminate/Http/Request), Object(Closure))
#29 C:/xampp/htdocs/johnceniza/vendor/laravel/framework/src/Illuminate/Cookie/Middleware/EncryptCookies.php(74): Illuminate/Pipeline/Pipeline->Illuminate/Pipeline/{closure}(Object(Illuminate/Http/Request))
#30 C:/xampp/htdocs/johnceniza/vendor/laravel/framework/src/Illuminate/Pipeline/Pipeline.php(219): Illuminate/Cookie/Middleware/EncryptCookies->handle(Object(Illuminate/Http/Request), Object(Closure))
#31 C:/xampp/htdocs/johnceniza/vendor/laravel/framework/src/Illuminate/Pipeline/Pipeline.php(137): Illuminate/Pipeline/Pipeline->Illuminate/Pipeline/{closure}(Object(Illuminate/Http/Request))
#32 C:/xampp/htdocs/johnceniza/vendor/laravel/framework/src/Illuminate/Routing/Router.php(821): Illuminate/Pipeline/Pipeline->then(Object(Closure))
#33 C:/xampp/htdocs/johnceniza/vendor/laravel/framework/src/Illuminate/Routing/Router.php(800): Illuminate/Routing/Router->runRouteWithinStack(Object(Illuminate/Routing/Route), Object(Illuminate/Http/Request))
#34 C:/xampp/htdocs/johnceniza/vendor/laravel/framework/src/Illuminate/Routing/Router.php(764): Illuminate/Routing/Router->runRoute(Object(Illuminate/Http/Request), Object(Illuminate/Routing/Route))
#35 C:/xampp/htdocs/johnceniza/vendor/laravel/framework/src/Illuminate/Routing/Router.php(753): Illuminate/Routing/Router->dispatchToRoute(Object(Illuminate/Http/Request))
#36 C:/xampp/htdocs/johnceniza/vendor/laravel/framework/src/Illuminate/Foundation/Http/Kernel.php(200): Illuminate/Routing/Router->dispatch(Object(Illuminate/Http/Request))
#37 C:/xampp/htdocs/johnceniza/vendor/laravel/framework/src/Illuminate/Pipeline/Pipeline.php(180): Illuminate/Foundation/Http/Kernel->Illuminate/Foundation/Http/{closure}(Object(Illuminate/Http/Request))
#38 C:/xampp/htdocs/johnceniza/vendor/laravel/framework/src/Illuminate/Foundation/Http/Middleware/TransformsRequest.php(21): Illuminate/Pipeline/Pipeline->Illuminate/Pipeline/{closure}(Object(Illuminate/Http/Request))
#39 C:/xampp/htdocs/johnceniza/vendor/laravel/framework/src/Illuminate/Foundation/Http/Middleware/ConvertEmptyStringsToNull.php(31): Illuminate/Foundation/Http/Middleware/TransformsRequest->handle(Object(Illuminate/Http/Request), Object(Closure))
#40 C:/xampp/htdocs/johnceniza/vendor/laravel/framework/src/Illuminate/Pipeline/Pipeline.php(219): Illuminate/Foundation/Http/Middleware/ConvertEmptyStringsToNull->handle(Object(Illuminate/Http/Request), Object(Closure))
#41 C:/xampp/htdocs/johnceniza/vendor/laravel/framework/src/Illuminate/Foundation/Http/Middleware/TransformsRequest.php(21): Illuminate/Pipeline/Pipeline->Illuminate/Pipeline/{closure}(Object(Illuminate/Http/Request))
#42 C:/xampp/htdocs/johnceniza/vendor/laravel/framework/src/Illuminate/Foundation/Http/Middleware/TrimStrings.php(51): Illuminate/Foundation/Http/Middleware/TransformsRequest->handle(Object(Illuminate/Http/Request), Object(Closure))
#43 C:/xampp/htdocs/johnceniza/vendor/laravel/framework/src/Illuminate/Pipeline/Pipeline.php(219): Illuminate/Foundation/Http/Middleware/TrimStrings->handle(Object(Illuminate/Http/Request), Object(Closure))
#44 C:/xampp/htdocs/johnceniza/vendor/laravel/framework/src/Illuminate/Http/Middleware/ValidatePostSize.php(27): Illuminate/Pipeline/Pipeline->Illuminate/Pipeline/{closure}(Object(Illuminate/Http/Request))
#45 C:/xampp/htdocs/johnceniza/vendor/laravel/framework/src/Illuminate/Pipeline/Pipeline.php(219): Illuminate/Http/Middleware/ValidatePostSize->handle(Object(Illuminate/Http/Request), Object(Closure))
#46 C:/xampp/htdocs/johnceniza/vendor/laravel/framework/src/Illuminate/Foundation/Http/Middleware/PreventRequestsDuringMaintenance.php(109): Illuminate/Pipeline/Pipeline->Illuminate/Pipeline/{closure}(Object(Illuminate/Http/Request))
#47 C:/xampp/htdocs/johnceniza/vendor/laravel/framework/src/Illuminate/Pipeline/Pipeline.php(219): Illuminate/Foundation/Http/Middleware/PreventRequestsDuringMaintenance->handle(Object(Illuminate/Http/Request), Object(Closure))
#48 C:/xampp/htdocs/johnceniza/vendor/laravel/framework/src/Illuminate/Http/Middleware/HandleCors.php(61): Illuminate/Pipeline/Pipeline->Illuminate/Pipeline/{closure}(Object(Illuminate/Http/Request))
#49 C:/xampp/htdocs/johnceniza/vendor/laravel/framework/src/Illuminate/Pipeline/Pipeline.php(219): Illuminate/Http/Middleware/HandleCors->handle(Object(Illuminate/Http/Request), Object(Closure))
#50 C:/xampp/htdocs/johnceniza/vendor/laravel/framework/src/Illuminate/Http/Middleware/TrustProxies.php(58): Illuminate/Pipeline/Pipeline->Illuminate/Pipeline/{closure}(Object(Illuminate/Http/Request))
#51 C:/xampp/htdocs/johnceniza/vendor/laravel/framework/src/Illuminate/Pipeline/Pipeline.php(219): Illuminate/Http/Middleware/TrustProxies->handle(Object(Illuminate/Http/Request), Object(Closure))
#52 C:/xampp/htdocs/johnceniza/vendor/laravel/framework/src/Illuminate/Foundation/Http/Middleware/InvokeDeferredCallbacks.php(22): Illuminate/Pipeline/Pipeline->Illuminate/Pipeline/{closure}(Object(Illuminate/Http/Request))
#53 C:/xampp/htdocs/johnceniza/vendor/laravel/framework/src/Illuminate/Pipeline/Pipeline.php(219): Illuminate/Foundation/Http/Middleware/InvokeDeferredCallbacks->handle(Object(Illuminate/Http/Request), Object(Closure))
#54 C:/xampp/htdocs/johnceniza/vendor/laravel/framework/src/Illuminate/Http/Middleware/ValidatePathEncoding.php(26): Illuminate/Pipeline/Pipeline->Illuminate/Pipeline/{closure}(Object(Illuminate/Http/Request))
#55 C:/xampp/htdocs/johnceniza/vendor/laravel/framework/src/Illuminate/Pipeline/Pipeline.php(219): Illuminate/Http/Middleware/ValidatePathEncoding->handle(Object(Illuminate/Http/Request), Object(Closure))
#56 C:/xampp/htdocs/johnceniza/vendor/laravel/framework/src/Illuminate/Pipeline/Pipeline.php(137): Illuminate/Pipeline/Pipeline->Illuminate/Pipeline/{closure}(Object(Illuminate/Http/Request))
#57 C:/xampp/htdocs/johnceniza/vendor/laravel/framework/src/Illuminate/Foundation/Http/Kernel.php(175): Illuminate/Pipeline/Pipeline->then(Object(Closure))
#58 C:/xampp/htdocs/johnceniza/vendor/laravel/framework/src/Illuminate/Foundation/Http/Kernel.php(144): Illuminate/Foundation/Http/Kernel->sendRequestThroughRouter(Object(Illuminate/Http/Request))
#59 C:/xampp/htdocs/johnceniza/vendor/laravel/framework/src/Illuminate/Foundation/Application.php(1220): Illuminate/Foundation/Http/Kernel->handle(Object(Illuminate/Http/Request))
#60 C:/xampp/htdocs/johnceniza/public/index.php(20): Illuminate/Foundation/Application->handleRequest(Object(Illuminate/Http/Request))
#61 C:/xampp/htdocs/johnceniza/vendor/laravel/framework/src/Illuminate/Foundation/resources/server.php(23): require_once('C://xampp//htdocs...')
#62 {main}
"} 
[2026-09-24 16:35:04] local.ERROR: syntax error, unexpected token "->" {"exception":"[object] (ParseError(code: 0): syntax error, unexpected token \"->\" at C:/xampp/htdocs/johnceniza/database/migrations/0001_01_01_000000_create_users_table.php:20)
[stacktrace]
#0 C:/xampp/htdocs/johnceniza/vendor/laravel/framework/src/Illuminate/Filesystem/Filesystem.php(149): Illuminate/Filesystem/Filesystem::Illuminate/Filesystem/{closure}()
#1 C:/xampp/htdocs/johnceniza/vendor/laravel/framework/src/Illuminate/Database/Migrations/Migrator.php(598): Illuminate/Filesystem/Filesystem->requireOnce('C://xampp//htdocs...')
#2 C:/xampp/htdocs/johnceniza/vendor/laravel/framework/src/Illuminate/Database/Migrations/Migrator.php(131): Illuminate/Database/Migrations/Migrator->requireFiles(Array)
#3 C:/xampp/htdocs/johnceniza/vendor/laravel/framework/src/Illuminate/Database/Console/Migrations/MigrateCommand.php(116): Illuminate/Database/Migrations/Migrator->run(Array, Array)
#4 C:/xampp/htdocs/johnceniza/vendor/laravel/framework/src/Illuminate/Database/Migrations/Migrator.php(671): Illuminate/Database/Console/Migrations/MigrateCommand->Illuminate/Database/Console/Migrations/{closure}()
#5 C:/xampp/htdocs/johnceniza/vendor/laravel/framework/src/Illuminate/Database/Console/Migrations/MigrateCommand.php(109): Illuminate/Database/Migrations/Migrator->usingConnection(NULL, Object(Closure))
#6 C:/xampp/htdocs/johnceniza/vendor/laravel/framework/src/Illuminate/Database/Console/Migrations/MigrateCommand.php(88): Illuminate/Database/Console/Migrations/MigrateCommand->runMigrations()
#7 C:/xampp/htdocs/johnceniza/vendor/laravel/framework/src/Illuminate/Container/BoundMethod.php(36): Illuminate/Database/Console/Migrations/MigrateCommand->handle()
#8 C:/xampp/htdocs/johnceniza/vendor/laravel/framework/src/Illuminate/Container/Util.php(43): Illuminate/Container/BoundMethod::Illuminate/Container/{closure}()
#9 C:/xampp/htdocs/johnceniza/vendor/laravel/framework/src/Illuminate/Container/BoundMethod.php(96): Illuminate/Container/Util::unwrapIfClosure(Object(Closure))
#10 C:/xampp/htdocs/johnceniza/vendor/laravel/framework/src/Illuminate/Container/BoundMethod.php(35): Illuminate/Container/BoundMethod::callBoundMethod(Object(Illuminate/Foundation/Application), Array, Object(Closure))
#11 C:/xampp/htdocs/johnceniza/vendor/laravel/framework/src/Illuminate/Container/Container.php(799): Illuminate/Container/BoundMethod::call(Object(Illuminate/Foundation/Application), Array, Array, NULL)
#12 C:/xampp/htdocs/johnceniza/vendor/laravel/framework/src/Illuminate/Console/Command.php(211): Illuminate/Container/Container->call(Array)
#13 C:/xampp/htdocs/johnceniza/vendor/symfony/console/Command/Command.php(341): Illuminate/Console/Command->execute(Object(Symfony/Component/Console/Input/ArrayInput), Object(Illuminate/Console/OutputStyle))
#14 C:/xampp/htdocs/johnceniza/vendor/laravel/framework/src/Illuminate/Console/Command.php(180): Symfony/Component/Console/Command/Command->run(Object(Symfony/Component/Console/Input/ArrayInput), Object(Illuminate/Console/OutputStyle))
#15 C:/xampp/htdocs/johnceniza/vendor/laravel/framework/src/Illuminate/Console/Concerns/CallsCommands.php(68): Illuminate/Console/Command->run(Object(Symfony/Component/Console/Input/ArrayInput), Object(Illuminate/Console/OutputStyle))
#16 C:/xampp/htdocs/johnceniza/vendor/laravel/framework/src/Illuminate/Console/Concerns/CallsCommands.php(29): Illuminate/Console/Command->runCommand('migrate', Array, Object(Illuminate/Console/OutputStyle))
#17 C:/xampp/htdocs/johnceniza/vendor/laravel/framework/src/Illuminate/Database/Console/Migrations/FreshCommand.php(88): Illuminate/Console/Command->call('migrate', Array)
#18 C:/xampp/htdocs/johnceniza/vendor/laravel/framework/src/Illuminate/Container/BoundMethod.php(36): Illuminate/Database/Console/Migrations/FreshCommand->handle()
#19 C:/xampp/htdocs/johnceniza/vendor/laravel/framework/src/Illuminate/Container/Util.php(43): Illuminate/Container/BoundMethod::Illuminate/Container/{closure}()
#20 C:/xampp/htdocs/johnceniza/vendor/laravel/framework/src/Illuminate/Container/BoundMethod.php(96): Illuminate/Container/Util::unwrapIfClosure(Object(Closure))
#21 C:/xampp/htdocs/johnceniza/vendor/laravel/framework/src/Illuminate/Container/BoundMethod.php(35): Illuminate/Container/BoundMethod::callBoundMethod(Object(Illuminate/Foundation/Application), Array, Object(Closure))
#22 C:/xampp/htdocs/johnceniza/vendor/laravel/framework/src/Illuminate/Container/Container.php(799): Illuminate/Container/BoundMethod::call(Object(Illuminate/Foundation/Application), Array, Array, NULL)
#23 C:/xampp/htdocs/johnceniza/vendor/laravel/framework/src/Illuminate/Console/Command.php(211): Illuminate/Container/Container->call(Array)
#24 C:/xampp/htdocs/johnceniza/vendor/symfony/console/Command/Command.php(341): Illuminate/Console/Command->execute(Object(Symfony/Component/Console/Input/ArgvInput), Object(Illuminate/Console/OutputStyle))
#25 C:/xampp/htdocs/johnceniza/vendor/laravel/framework/src/Illuminate/Console/Command.php(180): Symfony/Component/Console/Command/Command->run(Object(Symfony/Component/Console/Input/ArgvInput), Object(Illuminate/Console/OutputStyle))
#26 C:/xampp/htdocs/johnceniza/vendor/symfony/console/Application.php(1117): Illuminate/Console/Command->run(Object(Symfony/Component/Console/Input/ArgvInput), Object(Symfony/Component/Console/Output/ConsoleOutput))
#27 C:/xampp/htdocs/johnceniza/vendor/symfony/console/Application.php(356): Symfony/Component/Console/Application->doRunCommand(Object(Illuminate/Database/Console/Migrations/FreshCommand), Object(Symfony/Component/Console/Input/ArgvInput), Object(Symfony/Component/Console/Output/ConsoleOutput))
#28 C:/xampp/htdocs/johnceniza/vendor/symfony/console/Application.php(195): Symfony/Component/Console/Application->doRun(Object(Symfony/Component/Console/Input/ArgvInput), Object(Symfony/Component/Console/Output/ConsoleOutput))
#29 C:/xampp/htdocs/johnceniza/vendor/laravel/framework/src/Illuminate/Foundation/Console/Kernel.php(198): Symfony/Component/Console/Application->run(Object(Symfony/Component/Console/Input/ArgvInput), Object(Symfony/Component/Console/Output/ConsoleOutput))
#30 C:/xampp/htdocs/johnceniza/vendor/laravel/framework/src/Illuminate/Foundation/Application.php(1235): Illuminate/Foundation/Console/Kernel->handle(Object(Symfony/Component/Console/Input/ArgvInput), Object(Symfony/Component/Console/Output/ConsoleOutput))
#31 C:/xampp/htdocs/johnceniza/artisan(16): Illuminate/Foundation/Application->handleCommand(Object(Symfony/Component/Console/Input/ArgvInput))
#32 {main}
"} 
[2026-09-24 16:38:45] local.ERROR: SQLSTATE[42S02]: Base table or view not found: 1146 Table 'laravel.sessions' doesn't exist (Connection: mysql, Host: 127.0.0.1, Port: 3306, Database: laravel, SQL: select * from `sessions` where `id` = Osi5At1IHw8lbJqWr8uhB3Xw95Xqrk2vHNueoK1O limit 1) {"exception":"[object] (Illuminate\\Database\\QueryException(code: 42S02): SQLSTATE[42S02]: Base table or view not found: 1146 Table 'laravel.sessions' doesn't exist (Connection: mysql, Host: 127.0.0.1, Port: 3306, Database: laravel, SQL: select * from `sessions` where `id` = Osi5At1IHw8lbJqWr8uhB3Xw95Xqrk2vHNueoK1O limit 1) at C:/xampp/htdocs/johnceniza/vendor/laravel/framework/src/Illuminate/Database/Connection.php:838)
[stacktrace]
#0 C:/xampp/htdocs/johnceniza/vendor/laravel/framework/src/Illuminate/Database/Connection.php(794): Illuminate/Database/Connection->runQueryCallback('select * from `...', Array, Object(Closure))
#1 C:/xampp/htdocs/johnceniza/vendor/laravel/framework/src/Illuminate/Database/Connection.php(411): Illuminate/Database/Connection->run('select * from `...', Array, Object(Closure))
#2 C:/xampp/htdocs/johnceniza/vendor/laravel/framework/src/Illuminate/Database/Query/Builder.php(3505): Illuminate/Database/Connection->select('select * from `...', Array, false)
#3 C:/xampp/htdocs/johnceniza/vendor/laravel/framework/src/Illuminate/Database/Query/Builder.php(3490): Illuminate/Database/Query/Builder->runSelect()
#4 C:/xampp/htdocs/johnceniza/vendor/laravel/framework/src/Illuminate/Database/Query/Builder.php(4080): Illuminate/Database/Query/Builder->Illuminate/Database/Query/{closure}()
#5 C:/xampp/htdocs/johnceniza/vendor/laravel/framework/src/Illuminate/Database/Query/Builder.php(3489): Illuminate/Database/Query/Builder->onceWithColumns(Array, Object(Closure))
#6 C:/xampp/htdocs/johnceniza/vendor/laravel/framework/src/Illuminate/Database/Concerns/BuildsQueries.php(366): Illuminate/Database/Query/Builder->get(Array)
#7 C:/xampp/htdocs/johnceniza/vendor/laravel/framework/src/Illuminate/Database/Query/Builder.php(3412): Illuminate/Database/Query/Builder->first(Array)
#8 C:/xampp/htdocs/johnceniza/vendor/laravel/framework/src/Illuminate/Session/DatabaseSessionHandler.php(96): Illuminate/Database/Query/Builder->find('Osi5At1IHw8lbJq...')
#9 C:/xampp/htdocs/johnceniza/vendor/laravel/framework/src/Illuminate/Session/Store.php(128): Illuminate/Session/DatabaseSessionHandler->read('Osi5At1IHw8lbJq...')
#10 C:/xampp/htdocs/johnceniza/vendor/laravel/framework/src/Illuminate/Session/Store.php(116): Illuminate/Session/Store->readFromHandler()
#11 C:/xampp/htdocs/johnceniza/vendor/laravel/framework/src/Illuminate/Session/Store.php(100): Illuminate/Session/Store->loadSession()
#12 C:/xampp/htdocs/johnceniza/vendor/laravel/framework/src/Illuminate/Session/Middleware/StartSession.php(146): Illuminate/Session/Store->start()
#13 C:/xampp/htdocs/johnceniza/vendor/laravel/framework/src/Illuminate/Support/helpers.php(393): Illuminate/Session/Middleware/StartSession->Illuminate/Session/Middleware/{closure}(Object(Illuminate/Session/Store))
#14 C:/xampp/htdocs/johnceniza/vendor/laravel/framework/src/Illuminate/Session/Middleware/StartSession.php(143): tap(Object(Illuminate/Session/Store), Object(Closure))
#15 C:/xampp/htdocs/johnceniza/vendor/laravel/framework/src/Illuminate/Session/Middleware/StartSession.php(115): Illuminate/Session/Middleware/StartSession->startSession(Object(Illuminate/Http/Request), Object(Illuminate/Session/Store))
#16 C:/xampp/htdocs/johnceniza/vendor/laravel/framework/src/Illuminate/Session/Middleware/StartSession.php(63): Illuminate/Session/Middleware/StartSession->handleStatefulRequest(Object(Illuminate/Http/Request), Object(Illuminate/Session/Store), Object(Closure))
#17 C:/xampp/htdocs/johnceniza/vendor/laravel/framework/src/Illuminate/Pipeline/Pipeline.php(219): Illuminate/Session/Middleware/StartSession->handle(Object(Illuminate/Http/Request), Object(Closure))
#18 C:/xampp/htdocs/johnceniza/vendor/laravel/framework/src/Illuminate/Cookie/Middleware/AddQueuedCookiesToResponse.php(36): Illuminate/Pipeline/Pipeline->Illuminate/Pipeline/{closure}(Object(Illuminate/Http/Request))
#19 C:/xampp/htdocs/johnceniza/vendor/laravel/framework/src/Illuminate/Pipeline/Pipeline.php(219): Illuminate/Cookie/Middleware/AddQueuedCookiesToResponse->handle(Object(Illuminate/Http/Request), Object(Closure))
#20 C:/xampp/htdocs/johnceniza/vendor/laravel/framework/src/Illuminate/Cookie/Middleware/EncryptCookies.php(74): Illuminate/Pipeline/Pipeline->Illuminate/Pipeline/{closure}(Object(Illuminate/Http/Request))
#21 C:/xampp/htdocs/johnceniza/vendor/laravel/framework/src/Illuminate/Pipeline/Pipeline.php(219): Illuminate/Cookie/Middleware/EncryptCookies->handle(Object(Illuminate/Http/Request), Object(Closure))
#22 C:/xampp/htdocs/johnceniza/vendor/laravel/framework/src/Illuminate/Pipeline/Pipeline.php(137): Illuminate/Pipeline/Pipeline->Illuminate/Pipeline/{closure}(Object(Illuminate/Http/Request))
#23 C:/xampp/htdocs/johnceniza/vendor/laravel/framework/src/Illuminate/Routing/Router.php(821): Illuminate/Pipeline/Pipeline->then(Object(Closure))
#24 C:/xampp/htdocs/johnceniza/vendor/laravel/framework/src/Illuminate/Routing/Router.php(800): Illuminate/Routing/Router->runRouteWithinStack(Object(Illuminate/Routing/Route), Object(Illuminate/Http/Request))
#25 C:/xampp/htdocs/johnceniza/vendor/laravel/framework/src/Illuminate/Routing/Router.php(764): Illuminate/Routing/Router->runRoute(Object(Illuminate/Http/Request), Object(Illuminate/Routing/Route))
#26 C:/xampp/htdocs/johnceniza/vendor/laravel/framework/src/Illuminate/Routing/Router.php(753): Illuminate/Routing/Router->dispatchToRoute(Object(Illuminate/Http/Request))
#27 C:/xampp/htdocs/johnceniza/vendor/laravel/framework/src/Illuminate/Foundation/Http/Kernel.php(200): Illuminate/Routing/Router->dispatch(Object(Illuminate/Http/Request))
#28 C:/xampp/htdocs/johnceniza/vendor/laravel/framework/src/Illuminate/Pipeline/Pipeline.php(180): Illuminate/Foundation/Http/Kernel->Illuminate/Foundation/Http/{closure}(Object(Illuminate/Http/Request))
#29 C:/xampp/htdocs/johnceniza/vendor/laravel/framework/src/Illuminate/Foundation/Http/Middleware/TransformsRequest.php(21): Illuminate/Pipeline/Pipeline->Illuminate/Pipeline/{closure}(Object(Illuminate/Http/Request))
#30 C:/xampp/htdocs/johnceniza/vendor/laravel/framework/src/Illuminate/Foundation/Http/Middleware/ConvertEmptyStringsToNull.php(31): Illuminate/Foundation/Http/Middleware/TransformsRequest->handle(Object(Illuminate/Http/Request), Object(Closure))
#31 C:/xampp/htdocs/johnceniza/vendor/laravel/framework/src/Illuminate/Pipeline/Pipeline.php(219): Illuminate/Foundation/Http/Middleware/ConvertEmptyStringsToNull->handle(Object(Illuminate/Http/Request), Object(Closure))
#32 C:/xampp/htdocs/johnceniza/vendor/laravel/framework/src/Illuminate/Foundation/Http/Middleware/TransformsRequest.php(21): Illuminate/Pipeline/Pipeline->Illuminate/Pipeline/{closure}(Object(Illuminate/Http/Request))
#33 C:/xampp/htdocs/johnceniza/vendor/laravel/framework/src/Illuminate/Foundation/Http/Middleware/TrimStrings.php(51): Illuminate/Foundation/Http/Middleware/TransformsRequest->handle(Object(Illuminate/Http/Request), Object(Closure))
#34 C:/xampp/htdocs/johnceniza/vendor/laravel/framework/src/Illuminate/Pipeline/Pipeline.php(219): Illuminate/Foundation/Http/Middleware/TrimStrings->handle(Object(Illuminate/Http/Request), Object(Closure))
#35 C:/xampp/htdocs/johnceniza/vendor/laravel/framework/src/Illuminate/Http/Middleware/ValidatePostSize.php(27): Illuminate/Pipeline/Pipeline->Illuminate/Pipeline/{closure}(Object(Illuminate/Http/Request))
#36 C:/xampp/htdocs/johnceniza/vendor/laravel/framework/src/Illuminate/Pipeline/Pipeline.php(219): Illuminate/Http/Middleware/ValidatePostSize->handle(Object(Illuminate/Http/Request), Object(Closure))
#37 C:/xampp/htdocs/johnceniza/vendor/laravel/framework/src/Illuminate/Foundation/Http/Middleware/PreventRequestsDuringMaintenance.php(109): Illuminate/Pipeline/Pipeline->Illuminate/Pipeline/{closure}(Object(Illuminate/Http/Request))
#38 C:/xampp/htdocs/johnceniza/vendor/laravel/framework/src/Illuminate/Pipeline/Pipeline.php(219): Illuminate/Foundation/Http/Middleware/PreventRequestsDuringMaintenance->handle(Object(Illuminate/Http/Request), Object(Closure))
#39 C:/xampp/htdocs/johnceniza/vendor/laravel/framework/src/Illuminate/Http/Middleware/HandleCors.php(61): Illuminate/Pipeline/Pipeline->Illuminate/Pipeline/{closure}(Object(Illuminate/Http/Request))
#40 C:/xampp/htdocs/johnceniza/vendor/laravel/framework/src/Illuminate/Pipeline/Pipeline.php(219): Illuminate/Http/Middleware/HandleCors->handle(Object(Illuminate/Http/Request), Object(Closure))
#41 C:/xampp/htdocs/johnceniza/vendor/laravel/framework/src/Illuminate/Http/Middleware/TrustProxies.php(58): Illuminate/Pipeline/Pipeline->Illuminate/Pipeline/{closure}(Object(Illuminate/Http/Request))
#42 C:/xampp/htdocs/johnceniza/vendor/laravel/framework/src/Illuminate/Pipeline/Pipeline.php(219): Illuminate/Http/Middleware/TrustProxies->handle(Object(Illuminate/Http/Request), Object(Closure))
#43 C:/xampp/htdocs/johnceniza/vendor/laravel/framework/src/Illuminate/Foundation/Http/Middleware/InvokeDeferredCallbacks.php(22): Illuminate/Pipeline/Pipeline->Illuminate/Pipeline/{closure}(Object(Illuminate/Http/Request))
#44 C:/xampp/htdocs/johnceniza/vendor/laravel/framework/src/Illuminate/Pipeline/Pipeline.php(219): Illuminate/Foundation/Http/Middleware/InvokeDeferredCallbacks->handle(Object(Illuminate/Http/Request), Object(Closure))
#45 C:/xampp/htdocs/johnceniza/vendor/laravel/framework/src/Illuminate/Http/Middleware/ValidatePathEncoding.php(26): Illuminate/Pipeline/Pipeline->Illuminate/Pipeline/{closure}(Object(Illuminate/Http/Request))
#46 C:/xampp/htdocs/johnceniza/vendor/laravel/framework/src/Illuminate/Pipeline/Pipeline.php(219): Illuminate/Http/Middleware/ValidatePathEncoding->handle(Object(Illuminate/Http/Request), Object(Closure))
#47 C:/xampp/htdocs/johnceniza/vendor/laravel/framework/src/Illuminate/Pipeline/Pipeline.php(137): Illuminate/Pipeline/Pipeline->Illuminate/Pipeline/{closure}(Object(Illuminate/Http/Request))
#48 C:/xampp/htdocs/johnceniza/vendor/laravel/framework/src/Illuminate/Foundation/Http/Kernel.php(175): Illuminate/Pipeline/Pipeline->then(Object(Closure))
#49 C:/xampp/htdocs/johnceniza/vendor/laravel/framework/src/Illuminate/Foundation/Http/Kernel.php(144): Illuminate/Foundation/Http/Kernel->sendRequestThroughRouter(Object(Illuminate/Http/Request))
#50 C:/xampp/htdocs/johnceniza/vendor/laravel/framework/src/Illuminate/Foundation/Application.php(1220): Illuminate/Foundation/Http/Kernel->handle(Object(Illuminate/Http/Request))
#51 C:/xampp/htdocs/johnceniza/public/index.php(20): Illuminate/Foundation/Application->handleRequest(Object(Illuminate/Http/Request))
#52 C:/xampp/htdocs/johnceniza/vendor/laravel/framework/src/Illuminate/Foundation/resources/server.php(23): require_once('C://xampp//htdocs...')
#53 {main}

[previous exception] [object] (PDOException(code: 42S02): SQLSTATE[42S02]: Base table or view not found: 1146 Table 'laravel.sessions' doesn't exist at C:/xampp/htdocs/johnceniza/vendor/laravel/framework/src/Illuminate/Database/Connection.php:420)
[stacktrace]
#0 C:/xampp/htdocs/johnceniza/vendor/laravel/framework/src/Illuminate/Database/Connection.php(420): PDO->prepare('select * from `...')
#1 C:/xampp/htdocs/johnceniza/vendor/laravel/framework/src/Illuminate/Database/Connection.php(827): Illuminate/Database/Connection->Illuminate/Database/{closure}('select * from `...', Array)
#2 C:/xampp/htdocs/johnceniza/vendor/laravel/framework/src/Illuminate/Database/Connection.php(794): Illuminate/Database/Connection->runQueryCallback('select * from `...', Array, Object(Closure))
#3 C:/xampp/htdocs/johnceniza/vendor/laravel/framework/src/Illuminate/Database/Connection.php(411): Illuminate/Database/Connection->run('select * from `...', Array, Object(Closure))
#4 C:/xampp/htdocs/johnceniza/vendor/laravel/framework/src/Illuminate/Database/Query/Builder.php(3505): Illuminate/Database/Connection->select('select * from `...', Array, false)
#5 C:/xampp/htdocs/johnceniza/vendor/laravel/framework/src/Illuminate/Database/Query/Builder.php(3490): Illuminate/Database/Query/Builder->runSelect()
#6 C:/xampp/htdocs/johnceniza/vendor/laravel/framework/src/Illuminate/Database/Query/Builder.php(4080): Illuminate/Database/Query/Builder->Illuminate/Database/Query/{closure}()
#7 C:/xampp/htdocs/johnceniza/vendor/laravel/framework/src/Illuminate/Database/Query/Builder.php(3489): Illuminate/Database/Query/Builder->onceWithColumns(Array, Object(Closure))
#8 C:/xampp/htdocs/johnceniza/vendor/laravel/framework/src/Illuminate/Database/Concerns/BuildsQueries.php(366): Illuminate/Database/Query/Builder->get(Array)
#9 C:/xampp/htdocs/johnceniza/vendor/laravel/framework/src/Illuminate/Database/Query/Builder.php(3412): Illuminate/Database/Query/Builder->first(Array)
#10 C:/xampp/htdocs/johnceniza/vendor/laravel/framework/src/Illuminate/Session/DatabaseSessionHandler.php(96): Illuminate/Database/Query/Builder->find('Osi5At1IHw8lbJq...')
#11 C:/xampp/htdocs/johnceniza/vendor/laravel/framework/src/Illuminate/Session/Store.php(128): Illuminate/Session/DatabaseSessionHandler->read('Osi5At1IHw8lbJq...')
#12 C:/xampp/htdocs/johnceniza/vendor/laravel/framework/src/Illuminate/Session/Store.php(116): Illuminate/Session/Store->readFromHandler()
#13 C:/xampp/htdocs/johnceniza/vendor/laravel/framework/src/Illuminate/Session/Store.php(100): Illuminate/Session/Store->loadSession()
#14 C:/xampp/htdocs/johnceniza/vendor/laravel/framework/src/Illuminate/Session/Middleware/StartSession.php(146): Illuminate/Session/Store->start()
#15 C:/xampp/htdocs/johnceniza/vendor/laravel/framework/src/Illuminate/Support/helpers.php(393): Illuminate/Session/Middleware/StartSession->Illuminate/Session/Middleware/{closure}(Object(Illuminate/Session/Store))
#16 C:/xampp/htdocs/johnceniza/vendor/laravel/framework/src/Illuminate/Session/Middleware/StartSession.php(143): tap(Object(Illuminate/Session/Store), Object(Closure))
#17 C:/xampp/htdocs/johnceniza/vendor/laravel/framework/src/Illuminate/Session/Middleware/StartSession.php(115): Illuminate/Session/Middleware/StartSession->startSession(Object(Illuminate/Http/Request), Object(Illuminate/Session/Store))
#18 C:/xampp/htdocs/johnceniza/vendor/laravel/framework/src/Illuminate/Session/Middleware/StartSession.php(63): Illuminate/Session/Middleware/StartSession->handleStatefulRequest(Object(Illuminate/Http/Request), Object(Illuminate/Session/Store), Object(Closure))
#19 C:/xampp/htdocs/johnceniza/vendor/laravel/framework/src/Illuminate/Pipeline/Pipeline.php(219): Illuminate/Session/Middleware/StartSession->handle(Object(Illuminate/Http/Request), Object(Closure))
#20 C:/xampp/htdocs/johnceniza/vendor/laravel/framework/src/Illuminate/Cookie/Middleware/AddQueuedCookiesToResponse.php(36): Illuminate/Pipeline/Pipeline->Illuminate/Pipeline/{closure}(Object(Illuminate/Http/Request))
#21 C:/xampp/htdocs/johnceniza/vendor/laravel/framework/src/Illuminate/Pipeline/Pipeline.php(219): Illuminate/Cookie/Middleware/AddQueuedCookiesToResponse->handle(Object(Illuminate/Http/Request), Object(Closure))
#22 C:/xampp/htdocs/johnceniza/vendor/laravel/framework/src/Illuminate/Cookie/Middleware/EncryptCookies.php(74): Illuminate/Pipeline/Pipeline->Illuminate/Pipeline/{closure}(Object(Illuminate/Http/Request))
#23 C:/xampp/htdocs/johnceniza/vendor/laravel/framework/src/Illuminate/Pipeline/Pipeline.php(219): Illuminate/Cookie/Middleware/EncryptCookies->handle(Object(Illuminate/Http/Request), Object(Closure))
#24 C:/xampp/htdocs/johnceniza/vendor/laravel/framework/src/Illuminate/Pipeline/Pipeline.php(137): Illuminate/Pipeline/Pipeline->Illuminate/Pipeline/{closure}(Object(Illuminate/Http/Request))
#25 C:/xampp/htdocs/johnceniza/vendor/laravel/framework/src/Illuminate/Routing/Router.php(821): Illuminate/Pipeline/Pipeline->then(Object(Closure))
#26 C:/xampp/htdocs/johnceniza/vendor/laravel/framework/src/Illuminate/Routing/Router.php(800): Illuminate/Routing/Router->runRouteWithinStack(Object(Illuminate/Routing/Route), Object(Illuminate/Http/Request))
#27 C:/xampp/htdocs/johnceniza/vendor/laravel/framework/src/Illuminate/Routing/Router.php(764): Illuminate/Routing/Router->runRoute(Object(Illuminate/Http/Request), Object(Illuminate/Routing/Route))
#28 C:/xampp/htdocs/johnceniza/vendor/laravel/framework/src/Illuminate/Routing/Router.php(753): Illuminate/Routing/Router->dispatchToRoute(Object(Illuminate/Http/Request))
#29 C:/xampp/htdocs/johnceniza/vendor/laravel/framework/src/Illuminate/Foundation/Http/Kernel.php(200): Illuminate/Routing/Router->dispatch(Object(Illuminate/Http/Request))
#30 C:/xampp/htdocs/johnceniza/vendor/laravel/framework/src/Illuminate/Pipeline/Pipeline.php(180): Illuminate/Foundation/Http/Kernel->Illuminate/Foundation/Http/{closure}(Object(Illuminate/Http/Request))
#31 C:/xampp/htdocs/johnceniza/vendor/laravel/framework/src/Illuminate/Foundation/Http/Middleware/TransformsRequest.php(21): Illuminate/Pipeline/Pipeline->Illuminate/Pipeline/{closure}(Object(Illuminate/Http/Request))
#32 C:/xampp/htdocs/johnceniza/vendor/laravel/framework/src/Illuminate/Foundation/Http/Middleware/ConvertEmptyStringsToNull.php(31): Illuminate/Foundation/Http/Middleware/TransformsRequest->handle(Object(Illuminate/Http/Request), Object(Closure))
#33 C:/xampp/htdocs/johnceniza/vendor/laravel/framework/src/Illuminate/Pipeline/Pipeline.php(219): Illuminate/Foundation/Http/Middleware/ConvertEmptyStringsToNull->handle(Object(Illuminate/Http/Request), Object(Closure))
#34 C:/xampp/htdocs/johnceniza/vendor/laravel/framework/src/Illuminate/Foundation/Http/Middleware/TransformsRequest.php(21): Illuminate/Pipeline/Pipeline->Illuminate/Pipeline/{closure}(Object(Illuminate/Http/Request))
#35 C:/xampp/htdocs/johnceniza/vendor/laravel/framework/src/Illuminate/Foundation/Http/Middleware/TrimStrings.php(51): Illuminate/Foundation/Http/Middleware/TransformsRequest->handle(Object(Illuminate/Http/Request), Object(Closure))
#36 C:/xampp/htdocs/johnceniza/vendor/laravel/framework/src/Illuminate/Pipeline/Pipeline.php(219): Illuminate/Foundation/Http/Middleware/TrimStrings->handle(Object(Illuminate/Http/Request), Object(Closure))
#37 C:/xampp/htdocs/johnceniza/vendor/laravel/framework/src/Illuminate/Http/Middleware/ValidatePostSize.php(27): Illuminate/Pipeline/Pipeline->Illuminate/Pipeline/{closure}(Object(Illuminate/Http/Request))
#38 C:/xampp/htdocs/johnceniza/vendor/laravel/framework/src/Illuminate/Pipeline/Pipeline.php(219): Illuminate/Http/Middleware/ValidatePostSize->handle(Object(Illuminate/Http/Request), Object(Closure))
#39 C:/xampp/htdocs/johnceniza/vendor/laravel/framework/src/Illuminate/Foundation/Http/Middleware/PreventRequestsDuringMaintenance.php(109): Illuminate/Pipeline/Pipeline->Illuminate/Pipeline/{closure}(Object(Illuminate/Http/Request))
#40 C:/xampp/htdocs/johnceniza/vendor/laravel/framework/src/Illuminate/Pipeline/Pipeline.php(219): Illuminate/Foundation/Http/Middleware/PreventRequestsDuringMaintenance->handle(Object(Illuminate/Http/Request), Object(Closure))
#41 C:/xampp/htdocs/johnceniza/vendor/laravel/framework/src/Illuminate/Http/Middleware/HandleCors.php(61): Illuminate/Pipeline/Pipeline->Illuminate/Pipeline/{closure}(Object(Illuminate/Http/Request))
#42 C:/xampp/htdocs/johnceniza/vendor/laravel/framework/src/Illuminate/Pipeline/Pipeline.php(219): Illuminate/Http/Middleware/HandleCors->handle(Object(Illuminate/Http/Request), Object(Closure))
#43 C:/xampp/htdocs/johnceniza/vendor/laravel/framework/src/Illuminate/Http/Middleware/TrustProxies.php(58): Illuminate/Pipeline/Pipeline->Illuminate/Pipeline/{closure}(Object(Illuminate/Http/Request))
#44 C:/xampp/htdocs/johnceniza/vendor/laravel/framework/src/Illuminate/Pipeline/Pipeline.php(219): Illuminate/Http/Middleware/TrustProxies->handle(Object(Illuminate/Http/Request), Object(Closure))
#45 C:/xampp/htdocs/johnceniza/vendor/laravel/framework/src/Illuminate/Foundation/Http/Middleware/InvokeDeferredCallbacks.php(22): Illuminate/Pipeline/Pipeline->Illuminate/Pipeline/{closure}(Object(Illuminate/Http/Request))
#46 C:/xampp/htdocs/johnceniza/vendor/laravel/framework/src/Illuminate/Pipeline/Pipeline.php(219): Illuminate/Foundation/Http/Middleware/InvokeDeferredCallbacks->handle(Object(Illuminate/Http/Request), Object(Closure))
#47 C:/xampp/htdocs/johnceniza/vendor/laravel/framework/src/Illuminate/Http/Middleware/ValidatePathEncoding.php(26): Illuminate/Pipeline/Pipeline->Illuminate/Pipeline/{closure}(Object(Illuminate/Http/Request))
#48 C:/xampp/htdocs/johnceniza/vendor/laravel/framework/src/Illuminate/Pipeline/Pipeline.php(219): Illuminate/Http/Middleware/ValidatePathEncoding->handle(Object(Illuminate/Http/Request), Object(Closure))
#49 C:/xampp/htdocs/johnceniza/vendor/laravel/framework/src/Illuminate/Pipeline/Pipeline.php(137): Illuminate/Pipeline/Pipeline->Illuminate/Pipeline/{closure}(Object(Illuminate/Http/Request))
#50 C:/xampp/htdocs/johnceniza/vendor/laravel/framework/src/Illuminate/Foundation/Http/Kernel.php(175): Illuminate/Pipeline/Pipeline->then(Object(Closure))
#51 C:/xampp/htdocs/johnceniza/vendor/laravel/framework/src/Illuminate/Foundation/Http/Kernel.php(144): Illuminate/Foundation/Http/Kernel->sendRequestThroughRouter(Object(Illuminate/Http/Request))
#52 C:/xampp/htdocs/johnceniza/vendor/laravel/framework/src/Illuminate/Foundation/Application.php(1220): Illuminate/Foundation/Http/Kernel->handle(Object(Illuminate/Http/Request))
#53 C:/xampp/htdocs/johnceniza/public/index.php(20): Illuminate/Foundation/Application->handleRequest(Object(Illuminate/Http/Request))
#54 C:/xampp/htdocs/johnceniza/vendor/laravel/framework/src/Illuminate/Foundation/resources/server.php(23): require_once('C://xampp//htdocs...')
#55 {main}
"} 
[2026-09-24 16:49:56] local.ERROR: There are no commands defined in the "cofig" namespace.

Did you mean this?
    config {"exception":"[object] (Symfony\\Component\\Console\\Exception\\NamespaceNotFoundException(code: 0): There are no commands defined in the \"cofig\" namespace.

Did you mean this?
    config at C:/xampp/htdocs/johnceniza/vendor/symfony/console/Application.php:694)
[stacktrace]
#0 C:/xampp/htdocs/johnceniza/vendor/symfony/console/Application.php(743): Symfony/Component/Console/Application->findNamespace('cofig')
#1 C:/xampp/htdocs/johnceniza/vendor/symfony/console/Application.php(298): Symfony/Component/Console/Application->find('cofig:clear')
#2 C:/xampp/htdocs/johnceniza/vendor/symfony/console/Application.php(195): Symfony/Component/Console/Application->doRun(Object(Symfony/Component/Console/Input/ArgvInput), Object(Symfony/Component/Console/Output/ConsoleOutput))
#3 C:/xampp/htdocs/johnceniza/vendor/laravel/framework/src/Illuminate/Foundation/Console/Kernel.php(198): Symfony/Component/Console/Application->run(Object(Symfony/Component/Console/Input/ArgvInput), Object(Symfony/Component/Console/Output/ConsoleOutput))
#4 C:/xampp/htdocs/johnceniza/vendor/laravel/framework/src/Illuminate/Foundation/Application.php(1235): Illuminate/Foundation/Console/Kernel->handle(Object(Symfony/Component/Console/Input/ArgvInput), Object(Symfony/Component/Console/Output/ConsoleOutput))
#5 C:/xampp/htdocs/johnceniza/artisan(16): Illuminate/Foundation/Application->handleCommand(Object(Symfony/Component/Console/Input/ArgvInput))
#6 {main}
"} 
[2026-09-24 16:52:01] local.ERROR: SQLSTATE[42S02]: Base table or view not found: 1146 Table 'laravel.sessions' doesn't exist (Connection: mysql, Host: 127.0.0.1, Port: 3306, Database: laravel, SQL: select * from `sessions` where `id` = Osi5At1IHw8lbJqWr8uhB3Xw95Xqrk2vHNueoK1O limit 1) {"exception":"[object] (Illuminate\\Database\\QueryException(code: 42S02): SQLSTATE[42S02]: Base table or view not found: 1146 Table 'laravel.sessions' doesn't exist (Connection: mysql, Host: 127.0.0.1, Port: 3306, Database: laravel, SQL: select * from `sessions` where `id` = Osi5At1IHw8lbJqWr8uhB3Xw95Xqrk2vHNueoK1O limit 1) at C:/xampp/htdocs/johnceniza/vendor/laravel/framework/src/Illuminate/Database/Connection.php:838)
[stacktrace]
#0 C:/xampp/htdocs/johnceniza/vendor/laravel/framework/src/Illuminate/Database/Connection.php(794): Illuminate/Database/Connection->runQueryCallback('select * from `...', Array, Object(Closure))
#1 C:/xampp/htdocs/johnceniza/vendor/laravel/framework/src/Illuminate/Database/Connection.php(411): Illuminate/Database/Connection->run('select * from `...', Array, Object(Closure))
#2 C:/xampp/htdocs/johnceniza/vendor/laravel/framework/src/Illuminate/Database/Query/Builder.php(3505): Illuminate/Database/Connection->select('select * from `...', Array, false)
#3 C:/xampp/htdocs/johnceniza/vendor/laravel/framework/src/Illuminate/Database/Query/Builder.php(3490): Illuminate/Database/Query/Builder->runSelect()
#4 C:/xampp/htdocs/johnceniza/vendor/laravel/framework/src/Illuminate/Database/Query/Builder.php(4080): Illuminate/Database/Query/Builder->Illuminate/Database/Query/{closure}()
#5 C:/xampp/htdocs/johnceniza/vendor/laravel/framework/src/Illuminate/Database/Query/Builder.php(3489): Illuminate/Database/Query/Builder->onceWithColumns(Array, Object(Closure))
#6 C:/xampp/htdocs/johnceniza/vendor/laravel/framework/src/Illuminate/Database/Concerns/BuildsQueries.php(366): Illuminate/Database/Query/Builder->get(Array)
#7 C:/xampp/htdocs/johnceniza/vendor/laravel/framework/src/Illuminate/Database/Query/Builder.php(3412): Illuminate/Database/Query/Builder->first(Array)
#8 C:/xampp/htdocs/johnceniza/vendor/laravel/framework/src/Illuminate/Session/DatabaseSessionHandler.php(96): Illuminate/Database/Query/Builder->find('Osi5At1IHw8lbJq...')
#9 C:/xampp/htdocs/johnceniza/vendor/laravel/framework/src/Illuminate/Session/Store.php(128): Illuminate/Session/DatabaseSessionHandler->read('Osi5At1IHw8lbJq...')
#10 C:/xampp/htdocs/johnceniza/vendor/laravel/framework/src/Illuminate/Session/Store.php(116): Illuminate/Session/Store->readFromHandler()
#11 C:/xampp/htdocs/johnceniza/vendor/laravel/framework/src/Illuminate/Session/Store.php(100): Illuminate/Session/Store->loadSession()
#12 C:/xampp/htdocs/johnceniza/vendor/laravel/framework/src/Illuminate/Session/Middleware/StartSession.php(146): Illuminate/Session/Store->start()
#13 C:/xampp/htdocs/johnceniza/vendor/laravel/framework/src/Illuminate/Support/helpers.php(393): Illuminate/Session/Middleware/StartSession->Illuminate/Session/Middleware/{closure}(Object(Illuminate/Session/Store))
#14 C:/xampp/htdocs/johnceniza/vendor/laravel/framework/src/Illuminate/Session/Middleware/StartSession.php(143): tap(Object(Illuminate/Session/Store), Object(Closure))
#15 C:/xampp/htdocs/johnceniza/vendor/laravel/framework/src/Illuminate/Session/Middleware/StartSession.php(115): Illuminate/Session/Middleware/StartSession->startSession(Object(Illuminate/Http/Request), Object(Illuminate/Session/Store))
#16 C:/xampp/htdocs/johnceniza/vendor/laravel/framework/src/Illuminate/Session/Middleware/StartSession.php(63): Illuminate/Session/Middleware/StartSession->handleStatefulRequest(Object(Illuminate/Http/Request), Object(Illuminate/Session/Store), Object(Closure))
#17 C:/xampp/htdocs/johnceniza/vendor/laravel/framework/src/Illuminate/Pipeline/Pipeline.php(219): Illuminate/Session/Middleware/StartSession->handle(Object(Illuminate/Http/Request), Object(Closure))
#18 C:/xampp/htdocs/johnceniza/vendor/laravel/framework/src/Illuminate/Cookie/Middleware/AddQueuedCookiesToResponse.php(36): Illuminate/Pipeline/Pipeline->Illuminate/Pipeline/{closure}(Object(Illuminate/Http/Request))
#19 C:/xampp/htdocs/johnceniza/vendor/laravel/framework/src/Illuminate/Pipeline/Pipeline.php(219): Illuminate/Cookie/Middleware/AddQueuedCookiesToResponse->handle(Object(Illuminate/Http/Request), Object(Closure))
#20 C:/xampp/htdocs/johnceniza/vendor/laravel/framework/src/Illuminate/Cookie/Middleware/EncryptCookies.php(74): Illuminate/Pipeline/Pipeline->Illuminate/Pipeline/{closure}(Object(Illuminate/Http/Request))
#21 C:/xampp/htdocs/johnceniza/vendor/laravel/framework/src/Illuminate/Pipeline/Pipeline.php(219): Illuminate/Cookie/Middleware/EncryptCookies->handle(Object(Illuminate/Http/Request), Object(Closure))
#22 C:/xampp/htdocs/johnceniza/vendor/laravel/framework/src/Illuminate/Pipeline/Pipeline.php(137): Illuminate/Pipeline/Pipeline->Illuminate/Pipeline/{closure}(Object(Illuminate/Http/Request))
#23 C:/xampp/htdocs/johnceniza/vendor/laravel/framework/src/Illuminate/Routing/Router.php(821): Illuminate/Pipeline/Pipeline->then(Object(Closure))
#24 C:/xampp/htdocs/johnceniza/vendor/laravel/framework/src/Illuminate/Routing/Router.php(800): Illuminate/Routing/Router->runRouteWithinStack(Object(Illuminate/Routing/Route), Object(Illuminate/Http/Request))
#25 C:/xampp/htdocs/johnceniza/vendor/laravel/framework/src/Illuminate/Routing/Router.php(764): Illuminate/Routing/Router->runRoute(Object(Illuminate/Http/Request), Object(Illuminate/Routing/Route))
#26 C:/xampp/htdocs/johnceniza/vendor/laravel/framework/src/Illuminate/Routing/Router.php(753): Illuminate/Routing/Router->dispatchToRoute(Object(Illuminate/Http/Request))
#27 C:/xampp/htdocs/johnceniza/vendor/laravel/framework/src/Illuminate/Foundation/Http/Kernel.php(200): Illuminate/Routing/Router->dispatch(Object(Illuminate/Http/Request))
#28 C:/xampp/htdocs/johnceniza/vendor/laravel/framework/src/Illuminate/Pipeline/Pipeline.php(180): Illuminate/Foundation/Http/Kernel->Illuminate/Foundation/Http/{closure}(Object(Illuminate/Http/Request))
#29 C:/xampp/htdocs/johnceniza/vendor/laravel/framework/src/Illuminate/Foundation/Http/Middleware/TransformsRequest.php(21): Illuminate/Pipeline/Pipeline->Illuminate/Pipeline/{closure}(Object(Illuminate/Http/Request))
#30 C:/xampp/htdocs/johnceniza/vendor/laravel/framework/src/Illuminate/Foundation/Http/Middleware/ConvertEmptyStringsToNull.php(31): Illuminate/Foundation/Http/Middleware/TransformsRequest->handle(Object(Illuminate/Http/Request), Object(Closure))
#31 C:/xampp/htdocs/johnceniza/vendor/laravel/framework/src/Illuminate/Pipeline/Pipeline.php(219): Illuminate/Foundation/Http/Middleware/ConvertEmptyStringsToNull->handle(Object(Illuminate/Http/Request), Object(Closure))
#32 C:/xampp/htdocs/johnceniza/vendor/laravel/framework/src/Illuminate/Foundation/Http/Middleware/TransformsRequest.php(21): Illuminate/Pipeline/Pipeline->Illuminate/Pipeline/{closure}(Object(Illuminate/Http/Request))
#33 C:/xampp/htdocs/johnceniza/vendor/laravel/framework/src/Illuminate/Foundation/Http/Middleware/TrimStrings.php(51): Illuminate/Foundation/Http/Middleware/TransformsRequest->handle(Object(Illuminate/Http/Request), Object(Closure))
#34 C:/xampp/htdocs/johnceniza/vendor/laravel/framework/src/Illuminate/Pipeline/Pipeline.php(219): Illuminate/Foundation/Http/Middleware/TrimStrings->handle(Object(Illuminate/Http/Request), Object(Closure))
#35 C:/xampp/htdocs/johnceniza/vendor/laravel/framework/src/Illuminate/Http/Middleware/ValidatePostSize.php(27): Illuminate/Pipeline/Pipeline->Illuminate/Pipeline/{closure}(Object(Illuminate/Http/Request))
#36 C:/xampp/htdocs/johnceniza/vendor/laravel/framework/src/Illuminate/Pipeline/Pipeline.php(219): Illuminate/Http/Middleware/ValidatePostSize->handle(Object(Illuminate/Http/Request), Object(Closure))
#37 C:/xampp/htdocs/johnceniza/vendor/laravel/framework/src/Illuminate/Foundation/Http/Middleware/PreventRequestsDuringMaintenance.php(109): Illuminate/Pipeline/Pipeline->Illuminate/Pipeline/{closure}(Object(Illuminate/Http/Request))
#38 C:/xampp/htdocs/johnceniza/vendor/laravel/framework/src/Illuminate/Pipeline/Pipeline.php(219): Illuminate/Foundation/Http/Middleware/PreventRequestsDuringMaintenance->handle(Object(Illuminate/Http/Request), Object(Closure))
#39 C:/xampp/htdocs/johnceniza/vendor/laravel/framework/src/Illuminate/Http/Middleware/HandleCors.php(61): Illuminate/Pipeline/Pipeline->Illuminate/Pipeline/{closure}(Object(Illuminate/Http/Request))
#40 C:/xampp/htdocs/johnceniza/vendor/laravel/framework/src/Illuminate/Pipeline/Pipeline.php(219): Illuminate/Http/Middleware/HandleCors->handle(Object(Illuminate/Http/Request), Object(Closure))
#41 C:/xampp/htdocs/johnceniza/vendor/laravel/framework/src/Illuminate/Http/Middleware/TrustProxies.php(58): Illuminate/Pipeline/Pipeline->Illuminate/Pipeline/{closure}(Object(Illuminate/Http/Request))
#42 C:/xampp/htdocs/johnceniza/vendor/laravel/framework/src/Illuminate/Pipeline/Pipeline.php(219): Illuminate/Http/Middleware/TrustProxies->handle(Object(Illuminate/Http/Request), Object(Closure))
#43 C:/xampp/htdocs/johnceniza/vendor/laravel/framework/src/Illuminate/Foundation/Http/Middleware/InvokeDeferredCallbacks.php(22): Illuminate/Pipeline/Pipeline->Illuminate/Pipeline/{closure}(Object(Illuminate/Http/Request))
#44 C:/xampp/htdocs/johnceniza/vendor/laravel/framework/src/Illuminate/Pipeline/Pipeline.php(219): Illuminate/Foundation/Http/Middleware/InvokeDeferredCallbacks->handle(Object(Illuminate/Http/Request), Object(Closure))
#45 C:/xampp/htdocs/johnceniza/vendor/laravel/framework/src/Illuminate/Http/Middleware/ValidatePathEncoding.php(26): Illuminate/Pipeline/Pipeline->Illuminate/Pipeline/{closure}(Object(Illuminate/Http/Request))
#46 C:/xampp/htdocs/johnceniza/vendor/laravel/framework/src/Illuminate/Pipeline/Pipeline.php(219): Illuminate/Http/Middleware/ValidatePathEncoding->handle(Object(Illuminate/Http/Request), Object(Closure))
#47 C:/xampp/htdocs/johnceniza/vendor/laravel/framework/src/Illuminate/Pipeline/Pipeline.php(137): Illuminate/Pipeline/Pipeline->Illuminate/Pipeline/{closure}(Object(Illuminate/Http/Request))
#48 C:/xampp/htdocs/johnceniza/vendor/laravel/framework/src/Illuminate/Foundation/Http/Kernel.php(175): Illuminate/Pipeline/Pipeline->then(Object(Closure))
#49 C:/xampp/htdocs/johnceniza/vendor/laravel/framework/src/Illuminate/Foundation/Http/Kernel.php(144): Illuminate/Foundation/Http/Kernel->sendRequestThroughRouter(Object(Illuminate/Http/Request))
#50 C:/xampp/htdocs/johnceniza/vendor/laravel/framework/src/Illuminate/Foundation/Application.php(1220): Illuminate/Foundation/Http/Kernel->handle(Object(Illuminate/Http/Request))
#51 C:/xampp/htdocs/johnceniza/public/index.php(20): Illuminate/Foundation/Application->handleRequest(Object(Illuminate/Http/Request))
#52 C:/xampp/htdocs/johnceniza/vendor/laravel/framework/src/Illuminate/Foundation/resources/server.php(23): require_once('C://xampp//htdocs...')
#53 {main}

[previous exception] [object] (PDOException(code: 42S02): SQLSTATE[42S02]: Base table or view not found: 1146 Table 'laravel.sessions' doesn't exist at C:/xampp/htdocs/johnceniza/vendor/laravel/framework/src/Illuminate/Database/Connection.php:420)
[stacktrace]
#0 C:/xampp/htdocs/johnceniza/vendor/laravel/framework/src/Illuminate/Database/Connection.php(420): PDO->prepare('select * from `...')
#1 C:/xampp/htdocs/johnceniza/vendor/laravel/framework/src/Illuminate/Database/Connection.php(827): Illuminate/Database/Connection->Illuminate/Database/{closure}('select * from `...', Array)
#2 C:/xampp/htdocs/johnceniza/vendor/laravel/framework/src/Illuminate/Database/Connection.php(794): Illuminate/Database/Connection->runQueryCallback('select * from `...', Array, Object(Closure))
#3 C:/xampp/htdocs/johnceniza/vendor/laravel/framework/src/Illuminate/Database/Connection.php(411): Illuminate/Database/Connection->run('select * from `...', Array, Object(Closure))
#4 C:/xampp/htdocs/johnceniza/vendor/laravel/framework/src/Illuminate/Database/Query/Builder.php(3505): Illuminate/Database/Connection->select('select * from `...', Array, false)
#5 C:/xampp/htdocs/johnceniza/vendor/laravel/framework/src/Illuminate/Database/Query/Builder.php(3490): Illuminate/Database/Query/Builder->runSelect()
#6 C:/xampp/htdocs/johnceniza/vendor/laravel/framework/src/Illuminate/Database/Query/Builder.php(4080): Illuminate/Database/Query/Builder->Illuminate/Database/Query/{closure}()
#7 C:/xampp/htdocs/johnceniza/vendor/laravel/framework/src/Illuminate/Database/Query/Builder.php(3489): Illuminate/Database/Query/Builder->onceWithColumns(Array, Object(Closure))
#8 C:/xampp/htdocs/johnceniza/vendor/laravel/framework/src/Illuminate/Database/Concerns/BuildsQueries.php(366): Illuminate/Database/Query/Builder->get(Array)
#9 C:/xampp/htdocs/johnceniza/vendor/laravel/framework/src/Illuminate/Database/Query/Builder.php(3412): Illuminate/Database/Query/Builder->first(Array)
#10 C:/xampp/htdocs/johnceniza/vendor/laravel/framework/src/Illuminate/Session/DatabaseSessionHandler.php(96): Illuminate/Database/Query/Builder->find('Osi5At1IHw8lbJq...')
#11 C:/xampp/htdocs/johnceniza/vendor/laravel/framework/src/Illuminate/Session/Store.php(128): Illuminate/Session/DatabaseSessionHandler->read('Osi5At1IHw8lbJq...')
#12 C:/xampp/htdocs/johnceniza/vendor/laravel/framework/src/Illuminate/Session/Store.php(116): Illuminate/Session/Store->readFromHandler()
#13 C:/xampp/htdocs/johnceniza/vendor/laravel/framework/src/Illuminate/Session/Store.php(100): Illuminate/Session/Store->loadSession()
#14 C:/xampp/htdocs/johnceniza/vendor/laravel/framework/src/Illuminate/Session/Middleware/StartSession.php(146): Illuminate/Session/Store->start()
#15 C:/xampp/htdocs/johnceniza/vendor/laravel/framework/src/Illuminate/Support/helpers.php(393): Illuminate/Session/Middleware/StartSession->Illuminate/Session/Middleware/{closure}(Object(Illuminate/Session/Store))
#16 C:/xampp/htdocs/johnceniza/vendor/laravel/framework/src/Illuminate/Session/Middleware/StartSession.php(143): tap(Object(Illuminate/Session/Store), Object(Closure))
#17 C:/xampp/htdocs/johnceniza/vendor/laravel/framework/src/Illuminate/Session/Middleware/StartSession.php(115): Illuminate/Session/Middleware/StartSession->startSession(Object(Illuminate/Http/Request), Object(Illuminate/Session/Store))
#18 C:/xampp/htdocs/johnceniza/vendor/laravel/framework/src/Illuminate/Session/Middleware/StartSession.php(63): Illuminate/Session/Middleware/StartSession->handleStatefulRequest(Object(Illuminate/Http/Request), Object(Illuminate/Session/Store), Object(Closure))
#19 C:/xampp/htdocs/johnceniza/vendor/laravel/framework/src/Illuminate/Pipeline/Pipeline.php(219): Illuminate/Session/Middleware/StartSession->handle(Object(Illuminate/Http/Request), Object(Closure))
#20 C:/xampp/htdocs/johnceniza/vendor/laravel/framework/src/Illuminate/Cookie/Middleware/AddQueuedCookiesToResponse.php(36): Illuminate/Pipeline/Pipeline->Illuminate/Pipeline/{closure}(Object(Illuminate/Http/Request))
#21 C:/xampp/htdocs/johnceniza/vendor/laravel/framework/src/Illuminate/Pipeline/Pipeline.php(219): Illuminate/Cookie/Middleware/AddQueuedCookiesToResponse->handle(Object(Illuminate/Http/Request), Object(Closure))
#22 C:/xampp/htdocs/johnceniza/vendor/laravel/framework/src/Illuminate/Cookie/Middleware/EncryptCookies.php(74): Illuminate/Pipeline/Pipeline->Illuminate/Pipeline/{closure}(Object(Illuminate/Http/Request))
#23 C:/xampp/htdocs/johnceniza/vendor/laravel/framework/src/Illuminate/Pipeline/Pipeline.php(219): Illuminate/Cookie/Middleware/EncryptCookies->handle(Object(Illuminate/Http/Request), Object(Closure))
#24 C:/xampp/htdocs/johnceniza/vendor/laravel/framework/src/Illuminate/Pipeline/Pipeline.php(137): Illuminate/Pipeline/Pipeline->Illuminate/Pipeline/{closure}(Object(Illuminate/Http/Request))
#25 C:/xampp/htdocs/johnceniza/vendor/laravel/framework/src/Illuminate/Routing/Router.php(821): Illuminate/Pipeline/Pipeline->then(Object(Closure))
#26 C:/xampp/htdocs/johnceniza/vendor/laravel/framework/src/Illuminate/Routing/Router.php(800): Illuminate/Routing/Router->runRouteWithinStack(Object(Illuminate/Routing/Route), Object(Illuminate/Http/Request))
#27 C:/xampp/htdocs/johnceniza/vendor/laravel/framework/src/Illuminate/Routing/Router.php(764): Illuminate/Routing/Router->runRoute(Object(Illuminate/Http/Request), Object(Illuminate/Routing/Route))
#28 C:/xampp/htdocs/johnceniza/vendor/laravel/framework/src/Illuminate/Routing/Router.php(753): Illuminate/Routing/Router->dispatchToRoute(Object(Illuminate/Http/Request))
#29 C:/xampp/htdocs/johnceniza/vendor/laravel/framework/src/Illuminate/Foundation/Http/Kernel.php(200): Illuminate/Routing/Router->dispatch(Object(Illuminate/Http/Request))
#30 C:/xampp/htdocs/johnceniza/vendor/laravel/framework/src/Illuminate/Pipeline/Pipeline.php(180): Illuminate/Foundation/Http/Kernel->Illuminate/Foundation/Http/{closure}(Object(Illuminate/Http/Request))
#31 C:/xampp/htdocs/johnceniza/vendor/laravel/framework/src/Illuminate/Foundation/Http/Middleware/TransformsRequest.php(21): Illuminate/Pipeline/Pipeline->Illuminate/Pipeline/{closure}(Object(Illuminate/Http/Request))
#32 C:/xampp/htdocs/johnceniza/vendor/laravel/framework/src/Illuminate/Foundation/Http/Middleware/ConvertEmptyStringsToNull.php(31): Illuminate/Foundation/Http/Middleware/TransformsRequest->handle(Object(Illuminate/Http/Request), Object(Closure))
#33 C:/xampp/htdocs/johnceniza/vendor/laravel/framework/src/Illuminate/Pipeline/Pipeline.php(219): Illuminate/Foundation/Http/Middleware/ConvertEmptyStringsToNull->handle(Object(Illuminate/Http/Request), Object(Closure))
#34 C:/xampp/htdocs/johnceniza/vendor/laravel/framework/src/Illuminate/Foundation/Http/Middleware/TransformsRequest.php(21): Illuminate/Pipeline/Pipeline->Illuminate/Pipeline/{closure}(Object(Illuminate/Http/Request))
#35 C:/xampp/htdocs/johnceniza/vendor/laravel/framework/src/Illuminate/Foundation/Http/Middleware/TrimStrings.php(51): Illuminate/Foundation/Http/Middleware/TransformsRequest->handle(Object(Illuminate/Http/Request), Object(Closure))
#36 C:/xampp/htdocs/johnceniza/vendor/laravel/framework/src/Illuminate/Pipeline/Pipeline.php(219): Illuminate/Foundation/Http/Middleware/TrimStrings->handle(Object(Illuminate/Http/Request), Object(Closure))
#37 C:/xampp/htdocs/johnceniza/vendor/laravel/framework/src/Illuminate/Http/Middleware/ValidatePostSize.php(27): Illuminate/Pipeline/Pipeline->Illuminate/Pipeline/{closure}(Object(Illuminate/Http/Request))
#38 C:/xampp/htdocs/johnceniza/vendor/laravel/framework/src/Illuminate/Pipeline/Pipeline.php(219): Illuminate/Http/Middleware/ValidatePostSize->handle(Object(Illuminate/Http/Request), Object(Closure))
#39 C:/xampp/htdocs/johnceniza/vendor/laravel/framework/src/Illuminate/Foundation/Http/Middleware/PreventRequestsDuringMaintenance.php(109): Illuminate/Pipeline/Pipeline->Illuminate/Pipeline/{closure}(Object(Illuminate/Http/Request))
#40 C:/xampp/htdocs/johnceniza/vendor/laravel/framework/src/Illuminate/Pipeline/Pipeline.php(219): Illuminate/Foundation/Http/Middleware/PreventRequestsDuringMaintenance->handle(Object(Illuminate/Http/Request), Object(Closure))
#41 C:/xampp/htdocs/johnceniza/vendor/laravel/framework/src/Illuminate/Http/Middleware/HandleCors.php(61): Illuminate/Pipeline/Pipeline->Illuminate/Pipeline/{closure}(Object(Illuminate/Http/Request))
#42 C:/xampp/htdocs/johnceniza/vendor/laravel/framework/src/Illuminate/Pipeline/Pipeline.php(219): Illuminate/Http/Middleware/HandleCors->handle(Object(Illuminate/Http/Request), Object(Closure))
#43 C:/xampp/htdocs/johnceniza/vendor/laravel/framework/src/Illuminate/Http/Middleware/TrustProxies.php(58): Illuminate/Pipeline/Pipeline->Illuminate/Pipeline/{closure}(Object(Illuminate/Http/Request))
#44 C:/xampp/htdocs/johnceniza/vendor/laravel/framework/src/Illuminate/Pipeline/Pipeline.php(219): Illuminate/Http/Middleware/TrustProxies->handle(Object(Illuminate/Http/Request), Object(Closure))
#45 C:/xampp/htdocs/johnceniza/vendor/laravel/framework/src/Illuminate/Foundation/Http/Middleware/InvokeDeferredCallbacks.php(22): Illuminate/Pipeline/Pipeline->Illuminate/Pipeline/{closure}(Object(Illuminate/Http/Request))
#46 C:/xampp/htdocs/johnceniza/vendor/laravel/framework/src/Illuminate/Pipeline/Pipeline.php(219): Illuminate/Foundation/Http/Middleware/InvokeDeferredCallbacks->handle(Object(Illuminate/Http/Request), Object(Closure))
#47 C:/xampp/htdocs/johnceniza/vendor/laravel/framework/src/Illuminate/Http/Middleware/ValidatePathEncoding.php(26): Illuminate/Pipeline/Pipeline->Illuminate/Pipeline/{closure}(Object(Illuminate/Http/Request))
#48 C:/xampp/htdocs/johnceniza/vendor/laravel/framework/src/Illuminate/Pipeline/Pipeline.php(219): Illuminate/Http/Middleware/ValidatePathEncoding->handle(Object(Illuminate/Http/Request), Object(Closure))
#49 C:/xampp/htdocs/johnceniza/vendor/laravel/framework/src/Illuminate/Pipeline/Pipeline.php(137): Illuminate/Pipeline/Pipeline->Illuminate/Pipeline/{closure}(Object(Illuminate/Http/Request))
#50 C:/xampp/htdocs/johnceniza/vendor/laravel/framework/src/Illuminate/Foundation/Http/Kernel.php(175): Illuminate/Pipeline/Pipeline->then(Object(Closure))
#51 C:/xampp/htdocs/johnceniza/vendor/laravel/framework/src/Illuminate/Foundation/Http/Kernel.php(144): Illuminate/Foundation/Http/Kernel->sendRequestThroughRouter(Object(Illuminate/Http/Request))
#52 C:/xampp/htdocs/johnceniza/vendor/laravel/framework/src/Illuminate/Foundation/Application.php(1220): Illuminate/Foundation/Http/Kernel->handle(Object(Illuminate/Http/Request))
#53 C:/xampp/htdocs/johnceniza/public/index.php(20): Illuminate/Foundation/Application->handleRequest(Object(Illuminate/Http/Request))
#54 C:/xampp/htdocs/johnceniza/vendor/laravel/framework/src/Illuminate/Foundation/resources/server.php(23): require_once('C://xampp//htdocs...')
#55 {main}
"} 
[2026-09-24 16:57:53] local.ERROR: SQLSTATE[42S02]: Base table or view not found: 1146 Table 'laravel.sessions' doesn't exist (Connection: mysql, Host: 127.0.0.1, Port: 3306, Database: laravel, SQL: select * from `sessions` where `id` = zpr2Cf7DYQh5s5GaoMhWEsmdxtYMSOV9MFPoF503 limit 1) {"exception":"[object] (Illuminate\\Database\\QueryException(code: 42S02): SQLSTATE[42S02]: Base table or view not found: 1146 Table 'laravel.sessions' doesn't exist (Connection: mysql, Host: 127.0.0.1, Port: 3306, Database: laravel, SQL: select * from `sessions` where `id` = zpr2Cf7DYQh5s5GaoMhWEsmdxtYMSOV9MFPoF503 limit 1) at C:/xampp/htdocs/johnceniza/vendor/laravel/framework/src/Illuminate/Database/Connection.php:838)
[stacktrace]
#0 C:/xampp/htdocs/johnceniza/vendor/laravel/framework/src/Illuminate/Database/Connection.php(794): Illuminate/Database/Connection->runQueryCallback('select * from `...', Array, Object(Closure))
#1 C:/xampp/htdocs/johnceniza/vendor/laravel/framework/src/Illuminate/Database/Connection.php(411): Illuminate/Database/Connection->run('select * from `...', Array, Object(Closure))
#2 C:/xampp/htdocs/johnceniza/vendor/laravel/framework/src/Illuminate/Database/Query/Builder.php(3505): Illuminate/Database/Connection->select('select * from `...', Array, false)
#3 C:/xampp/htdocs/johnceniza/vendor/laravel/framework/src/Illuminate/Database/Query/Builder.php(3490): Illuminate/Database/Query/Builder->runSelect()
#4 C:/xampp/htdocs/johnceniza/vendor/laravel/framework/src/Illuminate/Database/Query/Builder.php(4080): Illuminate/Database/Query/Builder->Illuminate/Database/Query/{closure}()
#5 C:/xampp/htdocs/johnceniza/vendor/laravel/framework/src/Illuminate/Database/Query/Builder.php(3489): Illuminate/Database/Query/Builder->onceWithColumns(Array, Object(Closure))
#6 C:/xampp/htdocs/johnceniza/vendor/laravel/framework/src/Illuminate/Database/Concerns/BuildsQueries.php(366): Illuminate/Database/Query/Builder->get(Array)
#7 C:/xampp/htdocs/johnceniza/vendor/laravel/framework/src/Illuminate/Database/Query/Builder.php(3412): Illuminate/Database/Query/Builder->first(Array)
#8 C:/xampp/htdocs/johnceniza/vendor/laravel/framework/src/Illuminate/Session/DatabaseSessionHandler.php(96): Illuminate/Database/Query/Builder->find('zpr2Cf7DYQh5s5G...')
#9 C:/xampp/htdocs/johnceniza/vendor/laravel/framework/src/Illuminate/Session/Store.php(128): Illuminate/Session/DatabaseSessionHandler->read('zpr2Cf7DYQh5s5G...')
#10 C:/xampp/htdocs/johnceniza/vendor/laravel/framework/src/Illuminate/Session/Store.php(116): Illuminate/Session/Store->readFromHandler()
#11 C:/xampp/htdocs/johnceniza/vendor/laravel/framework/src/Illuminate/Session/Store.php(100): Illuminate/Session/Store->loadSession()
#12 C:/xampp/htdocs/johnceniza/vendor/laravel/framework/src/Illuminate/Session/Middleware/StartSession.php(146): Illuminate/Session/Store->start()
#13 C:/xampp/htdocs/johnceniza/vendor/laravel/framework/src/Illuminate/Support/helpers.php(393): Illuminate/Session/Middleware/StartSession->Illuminate/Session/Middleware/{closure}(Object(Illuminate/Session/Store))
#14 C:/xampp/htdocs/johnceniza/vendor/laravel/framework/src/Illuminate/Session/Middleware/StartSession.php(143): tap(Object(Illuminate/Session/Store), Object(Closure))
#15 C:/xampp/htdocs/johnceniza/vendor/laravel/framework/src/Illuminate/Session/Middleware/StartSession.php(115): Illuminate/Session/Middleware/StartSession->startSession(Object(Illuminate/Http/Request), Object(Illuminate/Session/Store))
#16 C:/xampp/htdocs/johnceniza/vendor/laravel/framework/src/Illuminate/Session/Middleware/StartSession.php(63): Illuminate/Session/Middleware/StartSession->handleStatefulRequest(Object(Illuminate/Http/Request), Object(Illuminate/Session/Store), Object(Closure))
#17 C:/xampp/htdocs/johnceniza/vendor/laravel/framework/src/Illuminate/Pipeline/Pipeline.php(219): Illuminate/Session/Middleware/StartSession->handle(Object(Illuminate/Http/Request), Object(Closure))
#18 C:/xampp/htdocs/johnceniza/vendor/laravel/framework/src/Illuminate/Cookie/Middleware/AddQueuedCookiesToResponse.php(36): Illuminate/Pipeline/Pipeline->Illuminate/Pipeline/{closure}(Object(Illuminate/Http/Request))
#19 C:/xampp/htdocs/johnceniza/vendor/laravel/framework/src/Illuminate/Pipeline/Pipeline.php(219): Illuminate/Cookie/Middleware/AddQueuedCookiesToResponse->handle(Object(Illuminate/Http/Request), Object(Closure))
#20 C:/xampp/htdocs/johnceniza/vendor/laravel/framework/src/Illuminate/Cookie/Middleware/EncryptCookies.php(74): Illuminate/Pipeline/Pipeline->Illuminate/Pipeline/{closure}(Object(Illuminate/Http/Request))
#21 C:/xampp/htdocs/johnceniza/vendor/laravel/framework/src/Illuminate/Pipeline/Pipeline.php(219): Illuminate/Cookie/Middleware/EncryptCookies->handle(Object(Illuminate/Http/Request), Object(Closure))
#22 C:/xampp/htdocs/johnceniza/vendor/laravel/framework/src/Illuminate/Pipeline/Pipeline.php(137): Illuminate/Pipeline/Pipeline->Illuminate/Pipeline/{closure}(Object(Illuminate/Http/Request))
#23 C:/xampp/htdocs/johnceniza/vendor/laravel/framework/src/Illuminate/Routing/Router.php(821): Illuminate/Pipeline/Pipeline->then(Object(Closure))
#24 C:/xampp/htdocs/johnceniza/vendor/laravel/framework/src/Illuminate/Routing/Router.php(800): Illuminate/Routing/Router->runRouteWithinStack(Object(Illuminate/Routing/Route), Object(Illuminate/Http/Request))
#25 C:/xampp/htdocs/johnceniza/vendor/laravel/framework/src/Illuminate/Routing/Router.php(764): Illuminate/Routing/Router->runRoute(Object(Illuminate/Http/Request), Object(Illuminate/Routing/Route))
#26 C:/xampp/htdocs/johnceniza/vendor/laravel/framework/src/Illuminate/Routing/Router.php(753): Illuminate/Routing/Router->dispatchToRoute(Object(Illuminate/Http/Request))
#27 C:/xampp/htdocs/johnceniza/vendor/laravel/framework/src/Illuminate/Foundation/Http/Kernel.php(200): Illuminate/Routing/Router->dispatch(Object(Illuminate/Http/Request))
#28 C:/xampp/htdocs/johnceniza/vendor/laravel/framework/src/Illuminate/Pipeline/Pipeline.php(180): Illuminate/Foundation/Http/Kernel->Illuminate/Foundation/Http/{closure}(Object(Illuminate/Http/Request))
#29 C:/xampp/htdocs/johnceniza/vendor/laravel/framework/src/Illuminate/Foundation/Http/Middleware/TransformsRequest.php(21): Illuminate/Pipeline/Pipeline->Illuminate/Pipeline/{closure}(Object(Illuminate/Http/Request))
#30 C:/xampp/htdocs/johnceniza/vendor/laravel/framework/src/Illuminate/Foundation/Http/Middleware/ConvertEmptyStringsToNull.php(31): Illuminate/Foundation/Http/Middleware/TransformsRequest->handle(Object(Illuminate/Http/Request), Object(Closure))
#31 C:/xampp/htdocs/johnceniza/vendor/laravel/framework/src/Illuminate/Pipeline/Pipeline.php(219): Illuminate/Foundation/Http/Middleware/ConvertEmptyStringsToNull->handle(Object(Illuminate/Http/Request), Object(Closure))
#32 C:/xampp/htdocs/johnceniza/vendor/laravel/framework/src/Illuminate/Foundation/Http/Middleware/TransformsRequest.php(21): Illuminate/Pipeline/Pipeline->Illuminate/Pipeline/{closure}(Object(Illuminate/Http/Request))
#33 C:/xampp/htdocs/johnceniza/vendor/laravel/framework/src/Illuminate/Foundation/Http/Middleware/TrimStrings.php(51): Illuminate/Foundation/Http/Middleware/TransformsRequest->handle(Object(Illuminate/Http/Request), Object(Closure))
#34 C:/xampp/htdocs/johnceniza/vendor/laravel/framework/src/Illuminate/Pipeline/Pipeline.php(219): Illuminate/Foundation/Http/Middleware/TrimStrings->handle(Object(Illuminate/Http/Request), Object(Closure))
#35 C:/xampp/htdocs/johnceniza/vendor/laravel/framework/src/Illuminate/Http/Middleware/ValidatePostSize.php(27): Illuminate/Pipeline/Pipeline->Illuminate/Pipeline/{closure}(Object(Illuminate/Http/Request))
#36 C:/xampp/htdocs/johnceniza/vendor/laravel/framework/src/Illuminate/Pipeline/Pipeline.php(219): Illuminate/Http/Middleware/ValidatePostSize->handle(Object(Illuminate/Http/Request), Object(Closure))
#37 C:/xampp/htdocs/johnceniza/vendor/laravel/framework/src/Illuminate/Foundation/Http/Middleware/PreventRequestsDuringMaintenance.php(109): Illuminate/Pipeline/Pipeline->Illuminate/Pipeline/{closure}(Object(Illuminate/Http/Request))
#38 C:/xampp/htdocs/johnceniza/vendor/laravel/framework/src/Illuminate/Pipeline/Pipeline.php(219): Illuminate/Foundation/Http/Middleware/PreventRequestsDuringMaintenance->handle(Object(Illuminate/Http/Request), Object(Closure))
#39 C:/xampp/htdocs/johnceniza/vendor/laravel/framework/src/Illuminate/Http/Middleware/HandleCors.php(61): Illuminate/Pipeline/Pipeline->Illuminate/Pipeline/{closure}(Object(Illuminate/Http/Request))
#40 C:/xampp/htdocs/johnceniza/vendor/laravel/framework/src/Illuminate/Pipeline/Pipeline.php(219): Illuminate/Http/Middleware/HandleCors->handle(Object(Illuminate/Http/Request), Object(Closure))
#41 C:/xampp/htdocs/johnceniza/vendor/laravel/framework/src/Illuminate/Http/Middleware/TrustProxies.php(58): Illuminate/Pipeline/Pipeline->Illuminate/Pipeline/{closure}(Object(Illuminate/Http/Request))
#42 C:/xampp/htdocs/johnceniza/vendor/laravel/framework/src/Illuminate/Pipeline/Pipeline.php(219): Illuminate/Http/Middleware/TrustProxies->handle(Object(Illuminate/Http/Request), Object(Closure))
#43 C:/xampp/htdocs/johnceniza/vendor/laravel/framework/src/Illuminate/Foundation/Http/Middleware/InvokeDeferredCallbacks.php(22): Illuminate/Pipeline/Pipeline->Illuminate/Pipeline/{closure}(Object(Illuminate/Http/Request))
#44 C:/xampp/htdocs/johnceniza/vendor/laravel/framework/src/Illuminate/Pipeline/Pipeline.php(219): Illuminate/Foundation/Http/Middleware/InvokeDeferredCallbacks->handle(Object(Illuminate/Http/Request), Object(Closure))
#45 C:/xampp/htdocs/johnceniza/vendor/laravel/framework/src/Illuminate/Http/Middleware/ValidatePathEncoding.php(26): Illuminate/Pipeline/Pipeline->Illuminate/Pipeline/{closure}(Object(Illuminate/Http/Request))
#46 C:/xampp/htdocs/johnceniza/vendor/laravel/framework/src/Illuminate/Pipeline/Pipeline.php(219): Illuminate/Http/Middleware/ValidatePathEncoding->handle(Object(Illuminate/Http/Request), Object(Closure))
#47 C:/xampp/htdocs/johnceniza/vendor/laravel/framework/src/Illuminate/Pipeline/Pipeline.php(137): Illuminate/Pipeline/Pipeline->Illuminate/Pipeline/{closure}(Object(Illuminate/Http/Request))
#48 C:/xampp/htdocs/johnceniza/vendor/laravel/framework/src/Illuminate/Foundation/Http/Kernel.php(175): Illuminate/Pipeline/Pipeline->then(Object(Closure))
#49 C:/xampp/htdocs/johnceniza/vendor/laravel/framework/src/Illuminate/Foundation/Http/Kernel.php(144): Illuminate/Foundation/Http/Kernel->sendRequestThroughRouter(Object(Illuminate/Http/Request))
#50 C:/xampp/htdocs/johnceniza/vendor/laravel/framework/src/Illuminate/Foundation/Application.php(1220): Illuminate/Foundation/Http/Kernel->handle(Object(Illuminate/Http/Request))
#51 C:/xampp/htdocs/johnceniza/public/index.php(20): Illuminate/Foundation/Application->handleRequest(Object(Illuminate/Http/Request))
#52 C:/xampp/htdocs/johnceniza/vendor/laravel/framework/src/Illuminate/Foundation/resources/server.php(23): require_once('C://xampp//htdocs...')
#53 {main}

[previous exception] [object] (PDOException(code: 42S02): SQLSTATE[42S02]: Base table or view not found: 1146 Table 'laravel.sessions' doesn't exist at C:/xampp/htdocs/johnceniza/vendor/laravel/framework/src/Illuminate/Database/Connection.php:420)
[stacktrace]
#0 C:/xampp/htdocs/johnceniza/vendor/laravel/framework/src/Illuminate/Database/Connection.php(420): PDO->prepare('select * from `...')
#1 C:/xampp/htdocs/johnceniza/vendor/laravel/framework/src/Illuminate/Database/Connection.php(827): Illuminate/Database/Connection->Illuminate/Database/{closure}('select * from `...', Array)
#2 C:/xampp/htdocs/johnceniza/vendor/laravel/framework/src/Illuminate/Database/Connection.php(794): Illuminate/Database/Connection->runQueryCallback('select * from `...', Array, Object(Closure))
#3 C:/xampp/htdocs/johnceniza/vendor/laravel/framework/src/Illuminate/Database/Connection.php(411): Illuminate/Database/Connection->run('select * from `...', Array, Object(Closure))
#4 C:/xampp/htdocs/johnceniza/vendor/laravel/framework/src/Illuminate/Database/Query/Builder.php(3505): Illuminate/Database/Connection->select('select * from `...', Array, false)
#5 C:/xampp/htdocs/johnceniza/vendor/laravel/framework/src/Illuminate/Database/Query/Builder.php(3490): Illuminate/Database/Query/Builder->runSelect()
#6 C:/xampp/htdocs/johnceniza/vendor/laravel/framework/src/Illuminate/Database/Query/Builder.php(4080): Illuminate/Database/Query/Builder->Illuminate/Database/Query/{closure}()
#7 C:/xampp/htdocs/johnceniza/vendor/laravel/framework/src/Illuminate/Database/Query/Builder.php(3489): Illuminate/Database/Query/Builder->onceWithColumns(Array, Object(Closure))
#8 C:/xampp/htdocs/johnceniza/vendor/laravel/framework/src/Illuminate/Database/Concerns/BuildsQueries.php(366): Illuminate/Database/Query/Builder->get(Array)
#9 C:/xampp/htdocs/johnceniza/vendor/laravel/framework/src/Illuminate/Database/Query/Builder.php(3412): Illuminate/Database/Query/Builder->first(Array)
#10 C:/xampp/htdocs/johnceniza/vendor/laravel/framework/src/Illuminate/Session/DatabaseSessionHandler.php(96): Illuminate/Database/Query/Builder->find('zpr2Cf7DYQh5s5G...')
#11 C:/xampp/htdocs/johnceniza/vendor/laravel/framework/src/Illuminate/Session/Store.php(128): Illuminate/Session/DatabaseSessionHandler->read('zpr2Cf7DYQh5s5G...')
#12 C:/xampp/htdocs/johnceniza/vendor/laravel/framework/src/Illuminate/Session/Store.php(116): Illuminate/Session/Store->readFromHandler()
#13 C:/xampp/htdocs/johnceniza/vendor/laravel/framework/src/Illuminate/Session/Store.php(100): Illuminate/Session/Store->loadSession()
#14 C:/xampp/htdocs/johnceniza/vendor/laravel/framework/src/Illuminate/Session/Middleware/StartSession.php(146): Illuminate/Session/Store->start()
#15 C:/xampp/htdocs/johnceniza/vendor/laravel/framework/src/Illuminate/Support/helpers.php(393): Illuminate/Session/Middleware/StartSession->Illuminate/Session/Middleware/{closure}(Object(Illuminate/Session/Store))
#16 C:/xampp/htdocs/johnceniza/vendor/laravel/framework/src/Illuminate/Session/Middleware/StartSession.php(143): tap(Object(Illuminate/Session/Store), Object(Closure))
#17 C:/xampp/htdocs/johnceniza/vendor/laravel/framework/src/Illuminate/Session/Middleware/StartSession.php(115): Illuminate/Session/Middleware/StartSession->startSession(Object(Illuminate/Http/Request), Object(Illuminate/Session/Store))
#18 C:/xampp/htdocs/johnceniza/vendor/laravel/framework/src/Illuminate/Session/Middleware/StartSession.php(63): Illuminate/Session/Middleware/StartSession->handleStatefulRequest(Object(Illuminate/Http/Request), Object(Illuminate/Session/Store), Object(Closure))
#19 C:/xampp/htdocs/johnceniza/vendor/laravel/framework/src/Illuminate/Pipeline/Pipeline.php(219): Illuminate/Session/Middleware/StartSession->handle(Object(Illuminate/Http/Request), Object(Closure))
#20 C:/xampp/htdocs/johnceniza/vendor/laravel/framework/src/Illuminate/Cookie/Middleware/AddQueuedCookiesToResponse.php(36): Illuminate/Pipeline/Pipeline->Illuminate/Pipeline/{closure}(Object(Illuminate/Http/Request))
#21 C:/xampp/htdocs/johnceniza/vendor/laravel/framework/src/Illuminate/Pipeline/Pipeline.php(219): Illuminate/Cookie/Middleware/AddQueuedCookiesToResponse->handle(Object(Illuminate/Http/Request), Object(Closure))
#22 C:/xampp/htdocs/johnceniza/vendor/laravel/framework/src/Illuminate/Cookie/Middleware/EncryptCookies.php(74): Illuminate/Pipeline/Pipeline->Illuminate/Pipeline/{closure}(Object(Illuminate/Http/Request))
#23 C:/xampp/htdocs/johnceniza/vendor/laravel/framework/src/Illuminate/Pipeline/Pipeline.php(219): Illuminate/Cookie/Middleware/EncryptCookies->handle(Object(Illuminate/Http/Request), Object(Closure))
#24 C:/xampp/htdocs/johnceniza/vendor/laravel/framework/src/Illuminate/Pipeline/Pipeline.php(137): Illuminate/Pipeline/Pipeline->Illuminate/Pipeline/{closure}(Object(Illuminate/Http/Request))
#25 C:/xampp/htdocs/johnceniza/vendor/laravel/framework/src/Illuminate/Routing/Router.php(821): Illuminate/Pipeline/Pipeline->then(Object(Closure))
#26 C:/xampp/htdocs/johnceniza/vendor/laravel/framework/src/Illuminate/Routing/Router.php(800): Illuminate/Routing/Router->runRouteWithinStack(Object(Illuminate/Routing/Route), Object(Illuminate/Http/Request))
#27 C:/xampp/htdocs/johnceniza/vendor/laravel/framework/src/Illuminate/Routing/Router.php(764): Illuminate/Routing/Router->runRoute(Object(Illuminate/Http/Request), Object(Illuminate/Routing/Route))
#28 C:/xampp/htdocs/johnceniza/vendor/laravel/framework/src/Illuminate/Routing/Router.php(753): Illuminate/Routing/Router->dispatchToRoute(Object(Illuminate/Http/Request))
#29 C:/xampp/htdocs/johnceniza/vendor/laravel/framework/src/Illuminate/Foundation/Http/Kernel.php(200): Illuminate/Routing/Router->dispatch(Object(Illuminate/Http/Request))
#30 C:/xampp/htdocs/johnceniza/vendor/laravel/framework/src/Illuminate/Pipeline/Pipeline.php(180): Illuminate/Foundation/Http/Kernel->Illuminate/Foundation/Http/{closure}(Object(Illuminate/Http/Request))
#31 C:/xampp/htdocs/johnceniza/vendor/laravel/framework/src/Illuminate/Foundation/Http/Middleware/TransformsRequest.php(21): Illuminate/Pipeline/Pipeline->Illuminate/Pipeline/{closure}(Object(Illuminate/Http/Request))
#32 C:/xampp/htdocs/johnceniza/vendor/laravel/framework/src/Illuminate/Foundation/Http/Middleware/ConvertEmptyStringsToNull.php(31): Illuminate/Foundation/Http/Middleware/TransformsRequest->handle(Object(Illuminate/Http/Request), Object(Closure))
#33 C:/xampp/htdocs/johnceniza/vendor/laravel/framework/src/Illuminate/Pipeline/Pipeline.php(219): Illuminate/Foundation/Http/Middleware/ConvertEmptyStringsToNull->handle(Object(Illuminate/Http/Request), Object(Closure))
#34 C:/xampp/htdocs/johnceniza/vendor/laravel/framework/src/Illuminate/Foundation/Http/Middleware/TransformsRequest.php(21): Illuminate/Pipeline/Pipeline->Illuminate/Pipeline/{closure}(Object(Illuminate/Http/Request))
#35 C:/xampp/htdocs/johnceniza/vendor/laravel/framework/src/Illuminate/Foundation/Http/Middleware/TrimStrings.php(51): Illuminate/Foundation/Http/Middleware/TransformsRequest->handle(Object(Illuminate/Http/Request), Object(Closure))
#36 C:/xampp/htdocs/johnceniza/vendor/laravel/framework/src/Illuminate/Pipeline/Pipeline.php(219): Illuminate/Foundation/Http/Middleware/TrimStrings->handle(Object(Illuminate/Http/Request), Object(Closure))
#37 C:/xampp/htdocs/johnceniza/vendor/laravel/framework/src/Illuminate/Http/Middleware/ValidatePostSize.php(27): Illuminate/Pipeline/Pipeline->Illuminate/Pipeline/{closure}(Object(Illuminate/Http/Request))
#38 C:/xampp/htdocs/johnceniza/vendor/laravel/framework/src/Illuminate/Pipeline/Pipeline.php(219): Illuminate/Http/Middleware/ValidatePostSize->handle(Object(Illuminate/Http/Request), Object(Closure))
#39 C:/xampp/htdocs/johnceniza/vendor/laravel/framework/src/Illuminate/Foundation/Http/Middleware/PreventRequestsDuringMaintenance.php(109): Illuminate/Pipeline/Pipeline->Illuminate/Pipeline/{closure}(Object(Illuminate/Http/Request))
#40 C:/xampp/htdocs/johnceniza/vendor/laravel/framework/src/Illuminate/Pipeline/Pipeline.php(219): Illuminate/Foundation/Http/Middleware/PreventRequestsDuringMaintenance->handle(Object(Illuminate/Http/Request), Object(Closure))
#41 C:/xampp/htdocs/johnceniza/vendor/laravel/framework/src/Illuminate/Http/Middleware/HandleCors.php(61): Illuminate/Pipeline/Pipeline->Illuminate/Pipeline/{closure}(Object(Illuminate/Http/Request))
#42 C:/xampp/htdocs/johnceniza/vendor/laravel/framework/src/Illuminate/Pipeline/Pipeline.php(219): Illuminate/Http/Middleware/HandleCors->handle(Object(Illuminate/Http/Request), Object(Closure))
#43 C:/xampp/htdocs/johnceniza/vendor/laravel/framework/src/Illuminate/Http/Middleware/TrustProxies.php(58): Illuminate/Pipeline/Pipeline->Illuminate/Pipeline/{closure}(Object(Illuminate/Http/Request))
#44 C:/xampp/htdocs/johnceniza/vendor/laravel/framework/src/Illuminate/Pipeline/Pipeline.php(219): Illuminate/Http/Middleware/TrustProxies->handle(Object(Illuminate/Http/Request), Object(Closure))
#45 C:/xampp/htdocs/johnceniza/vendor/laravel/framework/src/Illuminate/Foundation/Http/Middleware/InvokeDeferredCallbacks.php(22): Illuminate/Pipeline/Pipeline->Illuminate/Pipeline/{closure}(Object(Illuminate/Http/Request))
#46 C:/xampp/htdocs/johnceniza/vendor/laravel/framework/src/Illuminate/Pipeline/Pipeline.php(219): Illuminate/Foundation/Http/Middleware/InvokeDeferredCallbacks->handle(Object(Illuminate/Http/Request), Object(Closure))
#47 C:/xampp/htdocs/johnceniza/vendor/laravel/framework/src/Illuminate/Http/Middleware/ValidatePathEncoding.php(26): Illuminate/Pipeline/Pipeline->Illuminate/Pipeline/{closure}(Object(Illuminate/Http/Request))
#48 C:/xampp/htdocs/johnceniza/vendor/laravel/framework/src/Illuminate/Pipeline/Pipeline.php(219): Illuminate/Http/Middleware/ValidatePathEncoding->handle(Object(Illuminate/Http/Request), Object(Closure))
#49 C:/xampp/htdocs/johnceniza/vendor/laravel/framework/src/Illuminate/Pipeline/Pipeline.php(137): Illuminate/Pipeline/Pipeline->Illuminate/Pipeline/{closure}(Object(Illuminate/Http/Request))
#50 C:/xampp/htdocs/johnceniza/vendor/laravel/framework/src/Illuminate/Foundation/Http/Kernel.php(175): Illuminate/Pipeline/Pipeline->then(Object(Closure))
#51 C:/xampp/htdocs/johnceniza/vendor/laravel/framework/src/Illuminate/Foundation/Http/Kernel.php(144): Illuminate/Foundation/Http/Kernel->sendRequestThroughRouter(Object(Illuminate/Http/Request))
#52 C:/xampp/htdocs/johnceniza/vendor/laravel/framework/src/Illuminate/Foundation/Application.php(1220): Illuminate/Foundation/Http/Kernel->handle(Object(Illuminate/Http/Request))
#53 C:/xampp/htdocs/johnceniza/public/index.php(20): Illuminate/Foundation/Application->handleRequest(Object(Illuminate/Http/Request))
#54 C:/xampp/htdocs/johnceniza/vendor/laravel/framework/src/Illuminate/Foundation/resources/server.php(23): require_once('C://xampp//htdocs...')
#55 {main}
"} 
[2026-09-24 17:01:03] local.ERROR: SQLSTATE[42S02]: Base table or view not found: 1146 Table 'laravel.sessions' doesn't exist (Connection: mysql, Host: 127.0.0.1, Port: 3306, Database: laravel, SQL: select * from `sessions` where `id` = l1JHXYWn0LAw8AalrmnHt3aIGP1hsQzEusm5fWab limit 1) {"exception":"[object] (Illuminate\\Database\\QueryException(code: 42S02): SQLSTATE[42S02]: Base table or view not found: 1146 Table 'laravel.sessions' doesn't exist (Connection: mysql, Host: 127.0.0.1, Port: 3306, Database: laravel, SQL: select * from `sessions` where `id` = l1JHXYWn0LAw8AalrmnHt3aIGP1hsQzEusm5fWab limit 1) at C:/xampp/htdocs/johnceniza/vendor/laravel/framework/src/Illuminate/Database/Connection.php:838)
[stacktrace]
#0 C:/xampp/htdocs/johnceniza/vendor/laravel/framework/src/Illuminate/Database/Connection.php(794): Illuminate/Database/Connection->runQueryCallback('select * from `...', Array, Object(Closure))
#1 C:/xampp/htdocs/johnceniza/vendor/laravel/framework/src/Illuminate/Database/Connection.php(411): Illuminate/Database/Connection->run('select * from `...', Array, Object(Closure))
#2 C:/xampp/htdocs/johnceniza/vendor/laravel/framework/src/Illuminate/Database/Query/Builder.php(3505): Illuminate/Database/Connection->select('select * from `...', Array, false)
#3 C:/xampp/htdocs/johnceniza/vendor/laravel/framework/src/Illuminate/Database/Query/Builder.php(3490): Illuminate/Database/Query/Builder->runSelect()
#4 C:/xampp/htdocs/johnceniza/vendor/laravel/framework/src/Illuminate/Database/Query/Builder.php(4080): Illuminate/Database/Query/Builder->Illuminate/Database/Query/{closure}()
#5 C:/xampp/htdocs/johnceniza/vendor/laravel/framework/src/Illuminate/Database/Query/Builder.php(3489): Illuminate/Database/Query/Builder->onceWithColumns(Array, Object(Closure))
#6 C:/xampp/htdocs/johnceniza/vendor/laravel/framework/src/Illuminate/Database/Concerns/BuildsQueries.php(366): Illuminate/Database/Query/Builder->get(Array)
#7 C:/xampp/htdocs/johnceniza/vendor/laravel/framework/src/Illuminate/Database/Query/Builder.php(3412): Illuminate/Database/Query/Builder->first(Array)
#8 C:/xampp/htdocs/johnceniza/vendor/laravel/framework/src/Illuminate/Session/DatabaseSessionHandler.php(96): Illuminate/Database/Query/Builder->find('l1JHXYWn0LAw8Aa...')
#9 C:/xampp/htdocs/johnceniza/vendor/laravel/framework/src/Illuminate/Session/Store.php(128): Illuminate/Session/DatabaseSessionHandler->read('l1JHXYWn0LAw8Aa...')
#10 C:/xampp/htdocs/johnceniza/vendor/laravel/framework/src/Illuminate/Session/Store.php(116): Illuminate/Session/Store->readFromHandler()
#11 C:/xampp/htdocs/johnceniza/vendor/laravel/framework/src/Illuminate/Session/Store.php(100): Illuminate/Session/Store->loadSession()
#12 C:/xampp/htdocs/johnceniza/vendor/laravel/framework/src/Illuminate/Session/Middleware/StartSession.php(146): Illuminate/Session/Store->start()
#13 C:/xampp/htdocs/johnceniza/vendor/laravel/framework/src/Illuminate/Support/helpers.php(393): Illuminate/Session/Middleware/StartSession->Illuminate/Session/Middleware/{closure}(Object(Illuminate/Session/Store))
#14 C:/xampp/htdocs/johnceniza/vendor/laravel/framework/src/Illuminate/Session/Middleware/StartSession.php(143): tap(Object(Illuminate/Session/Store), Object(Closure))
#15 C:/xampp/htdocs/johnceniza/vendor/laravel/framework/src/Illuminate/Session/Middleware/StartSession.php(115): Illuminate/Session/Middleware/StartSession->startSession(Object(Illuminate/Http/Request), Object(Illuminate/Session/Store))
#16 C:/xampp/htdocs/johnceniza/vendor/laravel/framework/src/Illuminate/Session/Middleware/StartSession.php(63): Illuminate/Session/Middleware/StartSession->handleStatefulRequest(Object(Illuminate/Http/Request), Object(Illuminate/Session/Store), Object(Closure))
#17 C:/xampp/htdocs/johnceniza/vendor/laravel/framework/src/Illuminate/Pipeline/Pipeline.php(219): Illuminate/Session/Middleware/StartSession->handle(Object(Illuminate/Http/Request), Object(Closure))
#18 C:/xampp/htdocs/johnceniza/vendor/laravel/framework/src/Illuminate/Cookie/Middleware/AddQueuedCookiesToResponse.php(36): Illuminate/Pipeline/Pipeline->Illuminate/Pipeline/{closure}(Object(Illuminate/Http/Request))
#19 C:/xampp/htdocs/johnceniza/vendor/laravel/framework/src/Illuminate/Pipeline/Pipeline.php(219): Illuminate/Cookie/Middleware/AddQueuedCookiesToResponse->handle(Object(Illuminate/Http/Request), Object(Closure))
#20 C:/xampp/htdocs/johnceniza/vendor/laravel/framework/src/Illuminate/Cookie/Middleware/EncryptCookies.php(74): Illuminate/Pipeline/Pipeline->Illuminate/Pipeline/{closure}(Object(Illuminate/Http/Request))
#21 C:/xampp/htdocs/johnceniza/vendor/laravel/framework/src/Illuminate/Pipeline/Pipeline.php(219): Illuminate/Cookie/Middleware/EncryptCookies->handle(Object(Illuminate/Http/Request), Object(Closure))
#22 C:/xampp/htdocs/johnceniza/vendor/laravel/framework/src/Illuminate/Pipeline/Pipeline.php(137): Illuminate/Pipeline/Pipeline->Illuminate/Pipeline/{closure}(Object(Illuminate/Http/Request))
#23 C:/xampp/htdocs/johnceniza/vendor/laravel/framework/src/Illuminate/Routing/Router.php(821): Illuminate/Pipeline/Pipeline->then(Object(Closure))
#24 C:/xampp/htdocs/johnceniza/vendor/laravel/framework/src/Illuminate/Routing/Router.php(800): Illuminate/Routing/Router->runRouteWithinStack(Object(Illuminate/Routing/Route), Object(Illuminate/Http/Request))
#25 C:/xampp/htdocs/johnceniza/vendor/laravel/framework/src/Illuminate/Routing/Router.php(764): Illuminate/Routing/Router->runRoute(Object(Illuminate/Http/Request), Object(Illuminate/Routing/Route))
#26 C:/xampp/htdocs/johnceniza/vendor/laravel/framework/src/Illuminate/Routing/Router.php(753): Illuminate/Routing/Router->dispatchToRoute(Object(Illuminate/Http/Request))
#27 C:/xampp/htdocs/johnceniza/vendor/laravel/framework/src/Illuminate/Foundation/Http/Kernel.php(200): Illuminate/Routing/Router->dispatch(Object(Illuminate/Http/Request))
#28 C:/xampp/htdocs/johnceniza/vendor/laravel/framework/src/Illuminate/Pipeline/Pipeline.php(180): Illuminate/Foundation/Http/Kernel->Illuminate/Foundation/Http/{closure}(Object(Illuminate/Http/Request))
#29 C:/xampp/htdocs/johnceniza/vendor/laravel/framework/src/Illuminate/Foundation/Http/Middleware/TransformsRequest.php(21): Illuminate/Pipeline/Pipeline->Illuminate/Pipeline/{closure}(Object(Illuminate/Http/Request))
#30 C:/xampp/htdocs/johnceniza/vendor/laravel/framework/src/Illuminate/Foundation/Http/Middleware/ConvertEmptyStringsToNull.php(31): Illuminate/Foundation/Http/Middleware/TransformsRequest->handle(Object(Illuminate/Http/Request), Object(Closure))
#31 C:/xampp/htdocs/johnceniza/vendor/laravel/framework/src/Illuminate/Pipeline/Pipeline.php(219): Illuminate/Foundation/Http/Middleware/ConvertEmptyStringsToNull->handle(Object(Illuminate/Http/Request), Object(Closure))
#32 C:/xampp/htdocs/johnceniza/vendor/laravel/framework/src/Illuminate/Foundation/Http/Middleware/TransformsRequest.php(21): Illuminate/Pipeline/Pipeline->Illuminate/Pipeline/{closure}(Object(Illuminate/Http/Request))
#33 C:/xampp/htdocs/johnceniza/vendor/laravel/framework/src/Illuminate/Foundation/Http/Middleware/TrimStrings.php(51): Illuminate/Foundation/Http/Middleware/TransformsRequest->handle(Object(Illuminate/Http/Request), Object(Closure))
#34 C:/xampp/htdocs/johnceniza/vendor/laravel/framework/src/Illuminate/Pipeline/Pipeline.php(219): Illuminate/Foundation/Http/Middleware/TrimStrings->handle(Object(Illuminate/Http/Request), Object(Closure))
#35 C:/xampp/htdocs/johnceniza/vendor/laravel/framework/src/Illuminate/Http/Middleware/ValidatePostSize.php(27): Illuminate/Pipeline/Pipeline->Illuminate/Pipeline/{closure}(Object(Illuminate/Http/Request))
#36 C:/xampp/htdocs/johnceniza/vendor/laravel/framework/src/Illuminate/Pipeline/Pipeline.php(219): Illuminate/Http/Middleware/ValidatePostSize->handle(Object(Illuminate/Http/Request), Object(Closure))
#37 C:/xampp/htdocs/johnceniza/vendor/laravel/framework/src/Illuminate/Foundation/Http/Middleware/PreventRequestsDuringMaintenance.php(109): Illuminate/Pipeline/Pipeline->Illuminate/Pipeline/{closure}(Object(Illuminate/Http/Request))
#38 C:/xampp/htdocs/johnceniza/vendor/laravel/framework/src/Illuminate/Pipeline/Pipeline.php(219): Illuminate/Foundation/Http/Middleware/PreventRequestsDuringMaintenance->handle(Object(Illuminate/Http/Request), Object(Closure))
#39 C:/xampp/htdocs/johnceniza/vendor/laravel/framework/src/Illuminate/Http/Middleware/HandleCors.php(61): Illuminate/Pipeline/Pipeline->Illuminate/Pipeline/{closure}(Object(Illuminate/Http/Request))
#40 C:/xampp/htdocs/johnceniza/vendor/laravel/framework/src/Illuminate/Pipeline/Pipeline.php(219): Illuminate/Http/Middleware/HandleCors->handle(Object(Illuminate/Http/Request), Object(Closure))
#41 C:/xampp/htdocs/johnceniza/vendor/laravel/framework/src/Illuminate/Http/Middleware/TrustProxies.php(58): Illuminate/Pipeline/Pipeline->Illuminate/Pipeline/{closure}(Object(Illuminate/Http/Request))
#42 C:/xampp/htdocs/johnceniza/vendor/laravel/framework/src/Illuminate/Pipeline/Pipeline.php(219): Illuminate/Http/Middleware/TrustProxies->handle(Object(Illuminate/Http/Request), Object(Closure))
#43 C:/xampp/htdocs/johnceniza/vendor/laravel/framework/src/Illuminate/Foundation/Http/Middleware/InvokeDeferredCallbacks.php(22): Illuminate/Pipeline/Pipeline->Illuminate/Pipeline/{closure}(Object(Illuminate/Http/Request))
#44 C:/xampp/htdocs/johnceniza/vendor/laravel/framework/src/Illuminate/Pipeline/Pipeline.php(219): Illuminate/Foundation/Http/Middleware/InvokeDeferredCallbacks->handle(Object(Illuminate/Http/Request), Object(Closure))
#45 C:/xampp/htdocs/johnceniza/vendor/laravel/framework/src/Illuminate/Http/Middleware/ValidatePathEncoding.php(26): Illuminate/Pipeline/Pipeline->Illuminate/Pipeline/{closure}(Object(Illuminate/Http/Request))
#46 C:/xampp/htdocs/johnceniza/vendor/laravel/framework/src/Illuminate/Pipeline/Pipeline.php(219): Illuminate/Http/Middleware/ValidatePathEncoding->handle(Object(Illuminate/Http/Request), Object(Closure))
#47 C:/xampp/htdocs/johnceniza/vendor/laravel/framework/src/Illuminate/Pipeline/Pipeline.php(137): Illuminate/Pipeline/Pipeline->Illuminate/Pipeline/{closure}(Object(Illuminate/Http/Request))
#48 C:/xampp/htdocs/johnceniza/vendor/laravel/framework/src/Illuminate/Foundation/Http/Kernel.php(175): Illuminate/Pipeline/Pipeline->then(Object(Closure))
#49 C:/xampp/htdocs/johnceniza/vendor/laravel/framework/src/Illuminate/Foundation/Http/Kernel.php(144): Illuminate/Foundation/Http/Kernel->sendRequestThroughRouter(Object(Illuminate/Http/Request))
#50 C:/xampp/htdocs/johnceniza/vendor/laravel/framework/src/Illuminate/Foundation/Application.php(1220): Illuminate/Foundation/Http/Kernel->handle(Object(Illuminate/Http/Request))
#51 C:/xampp/htdocs/johnceniza/public/index.php(20): Illuminate/Foundation/Application->handleRequest(Object(Illuminate/Http/Request))
#52 C:/xampp/htdocs/johnceniza/vendor/laravel/framework/src/Illuminate/Foundation/resources/server.php(23): require_once('C://xampp//htdocs...')
#53 {main}

[previous exception] [object] (PDOException(code: 42S02): SQLSTATE[42S02]: Base table or view not found: 1146 Table 'laravel.sessions' doesn't exist at C:/xampp/htdocs/johnceniza/vendor/laravel/framework/src/Illuminate/Database/Connection.php:420)
[stacktrace]
#0 C:/xampp/htdocs/johnceniza/vendor/laravel/framework/src/Illuminate/Database/Connection.php(420): PDO->prepare('select * from `...')
#1 C:/xampp/htdocs/johnceniza/vendor/laravel/framework/src/Illuminate/Database/Connection.php(827): Illuminate/Database/Connection->Illuminate/Database/{closure}('select * from `...', Array)
#2 C:/xampp/htdocs/johnceniza/vendor/laravel/framework/src/Illuminate/Database/Connection.php(794): Illuminate/Database/Connection->runQueryCallback('select * from `...', Array, Object(Closure))
#3 C:/xampp/htdocs/johnceniza/vendor/laravel/framework/src/Illuminate/Database/Connection.php(411): Illuminate/Database/Connection->run('select * from `...', Array, Object(Closure))
#4 C:/xampp/htdocs/johnceniza/vendor/laravel/framework/src/Illuminate/Database/Query/Builder.php(3505): Illuminate/Database/Connection->select('select * from `...', Array, false)
#5 C:/xampp/htdocs/johnceniza/vendor/laravel/framework/src/Illuminate/Database/Query/Builder.php(3490): Illuminate/Database/Query/Builder->runSelect()
#6 C:/xampp/htdocs/johnceniza/vendor/laravel/framework/src/Illuminate/Database/Query/Builder.php(4080): Illuminate/Database/Query/Builder->Illuminate/Database/Query/{closure}()
#7 C:/xampp/htdocs/johnceniza/vendor/laravel/framework/src/Illuminate/Database/Query/Builder.php(3489): Illuminate/Database/Query/Builder->onceWithColumns(Array, Object(Closure))
#8 C:/xampp/htdocs/johnceniza/vendor/laravel/framework/src/Illuminate/Database/Concerns/BuildsQueries.php(366): Illuminate/Database/Query/Builder->get(Array)
#9 C:/xampp/htdocs/johnceniza/vendor/laravel/framework/src/Illuminate/Database/Query/Builder.php(3412): Illuminate/Database/Query/Builder->first(Array)
#10 C:/xampp/htdocs/johnceniza/vendor/laravel/framework/src/Illuminate/Session/DatabaseSessionHandler.php(96): Illuminate/Database/Query/Builder->find('l1JHXYWn0LAw8Aa...')
#11 C:/xampp/htdocs/johnceniza/vendor/laravel/framework/src/Illuminate/Session/Store.php(128): Illuminate/Session/DatabaseSessionHandler->read('l1JHXYWn0LAw8Aa...')
#12 C:/xampp/htdocs/johnceniza/vendor/laravel/framework/src/Illuminate/Session/Store.php(116): Illuminate/Session/Store->readFromHandler()
#13 C:/xampp/htdocs/johnceniza/vendor/laravel/framework/src/Illuminate/Session/Store.php(100): Illuminate/Session/Store->loadSession()
#14 C:/xampp/htdocs/johnceniza/vendor/laravel/framework/src/Illuminate/Session/Middleware/StartSession.php(146): Illuminate/Session/Store->start()
#15 C:/xampp/htdocs/johnceniza/vendor/laravel/framework/src/Illuminate/Support/helpers.php(393): Illuminate/Session/Middleware/StartSession->Illuminate/Session/Middleware/{closure}(Object(Illuminate/Session/Store))
#16 C:/xampp/htdocs/johnceniza/vendor/laravel/framework/src/Illuminate/Session/Middleware/StartSession.php(143): tap(Object(Illuminate/Session/Store), Object(Closure))
#17 C:/xampp/htdocs/johnceniza/vendor/laravel/framework/src/Illuminate/Session/Middleware/StartSession.php(115): Illuminate/Session/Middleware/StartSession->startSession(Object(Illuminate/Http/Request), Object(Illuminate/Session/Store))
#18 C:/xampp/htdocs/johnceniza/vendor/laravel/framework/src/Illuminate/Session/Middleware/StartSession.php(63): Illuminate/Session/Middleware/StartSession->handleStatefulRequest(Object(Illuminate/Http/Request), Object(Illuminate/Session/Store), Object(Closure))
#19 C:/xampp/htdocs/johnceniza/vendor/laravel/framework/src/Illuminate/Pipeline/Pipeline.php(219): Illuminate/Session/Middleware/StartSession->handle(Object(Illuminate/Http/Request), Object(Closure))
#20 C:/xampp/htdocs/johnceniza/vendor/laravel/framework/src/Illuminate/Cookie/Middleware/AddQueuedCookiesToResponse.php(36): Illuminate/Pipeline/Pipeline->Illuminate/Pipeline/{closure}(Object(Illuminate/Http/Request))
#21 C:/xampp/htdocs/johnceniza/vendor/laravel/framework/src/Illuminate/Pipeline/Pipeline.php(219): Illuminate/Cookie/Middleware/AddQueuedCookiesToResponse->handle(Object(Illuminate/Http/Request), Object(Closure))
#22 C:/xampp/htdocs/johnceniza/vendor/laravel/framework/src/Illuminate/Cookie/Middleware/EncryptCookies.php(74): Illuminate/Pipeline/Pipeline->Illuminate/Pipeline/{closure}(Object(Illuminate/Http/Request))
#23 C:/xampp/htdocs/johnceniza/vendor/laravel/framework/src/Illuminate/Pipeline/Pipeline.php(219): Illuminate/Cookie/Middleware/EncryptCookies->handle(Object(Illuminate/Http/Request), Object(Closure))
#24 C:/xampp/htdocs/johnceniza/vendor/laravel/framework/src/Illuminate/Pipeline/Pipeline.php(137): Illuminate/Pipeline/Pipeline->Illuminate/Pipeline/{closure}(Object(Illuminate/Http/Request))
#25 C:/xampp/htdocs/johnceniza/vendor/laravel/framework/src/Illuminate/Routing/Router.php(821): Illuminate/Pipeline/Pipeline->then(Object(Closure))
#26 C:/xampp/htdocs/johnceniza/vendor/laravel/framework/src/Illuminate/Routing/Router.php(800): Illuminate/Routing/Router->runRouteWithinStack(Object(Illuminate/Routing/Route), Object(Illuminate/Http/Request))
#27 C:/xampp/htdocs/johnceniza/vendor/laravel/framework/src/Illuminate/Routing/Router.php(764): Illuminate/Routing/Router->runRoute(Object(Illuminate/Http/Request), Object(Illuminate/Routing/Route))
#28 C:/xampp/htdocs/johnceniza/vendor/laravel/framework/src/Illuminate/Routing/Router.php(753): Illuminate/Routing/Router->dispatchToRoute(Object(Illuminate/Http/Request))
#29 C:/xampp/htdocs/johnceniza/vendor/laravel/framework/src/Illuminate/Foundation/Http/Kernel.php(200): Illuminate/Routing/Router->dispatch(Object(Illuminate/Http/Request))
#30 C:/xampp/htdocs/johnceniza/vendor/laravel/framework/src/Illuminate/Pipeline/Pipeline.php(180): Illuminate/Foundation/Http/Kernel->Illuminate/Foundation/Http/{closure}(Object(Illuminate/Http/Request))
#31 C:/xampp/htdocs/johnceniza/vendor/laravel/framework/src/Illuminate/Foundation/Http/Middleware/TransformsRequest.php(21): Illuminate/Pipeline/Pipeline->Illuminate/Pipeline/{closure}(Object(Illuminate/Http/Request))
#32 C:/xampp/htdocs/johnceniza/vendor/laravel/framework/src/Illuminate/Foundation/Http/Middleware/ConvertEmptyStringsToNull.php(31): Illuminate/Foundation/Http/Middleware/TransformsRequest->handle(Object(Illuminate/Http/Request), Object(Closure))
#33 C:/xampp/htdocs/johnceniza/vendor/laravel/framework/src/Illuminate/Pipeline/Pipeline.php(219): Illuminate/Foundation/Http/Middleware/ConvertEmptyStringsToNull->handle(Object(Illuminate/Http/Request), Object(Closure))
#34 C:/xampp/htdocs/johnceniza/vendor/laravel/framework/src/Illuminate/Foundation/Http/Middleware/TransformsRequest.php(21): Illuminate/Pipeline/Pipeline->Illuminate/Pipeline/{closure}(Object(Illuminate/Http/Request))
#35 C:/xampp/htdocs/johnceniza/vendor/laravel/framework/src/Illuminate/Foundation/Http/Middleware/TrimStrings.php(51): Illuminate/Foundation/Http/Middleware/TransformsRequest->handle(Object(Illuminate/Http/Request), Object(Closure))
#36 C:/xampp/htdocs/johnceniza/vendor/laravel/framework/src/Illuminate/Pipeline/Pipeline.php(219): Illuminate/Foundation/Http/Middleware/TrimStrings->handle(Object(Illuminate/Http/Request), Object(Closure))
#37 C:/xampp/htdocs/johnceniza/vendor/laravel/framework/src/Illuminate/Http/Middleware/ValidatePostSize.php(27): Illuminate/Pipeline/Pipeline->Illuminate/Pipeline/{closure}(Object(Illuminate/Http/Request))
#38 C:/xampp/htdocs/johnceniza/vendor/laravel/framework/src/Illuminate/Pipeline/Pipeline.php(219): Illuminate/Http/Middleware/ValidatePostSize->handle(Object(Illuminate/Http/Request), Object(Closure))
#39 C:/xampp/htdocs/johnceniza/vendor/laravel/framework/src/Illuminate/Foundation/Http/Middleware/PreventRequestsDuringMaintenance.php(109): Illuminate/Pipeline/Pipeline->Illuminate/Pipeline/{closure}(Object(Illuminate/Http/Request))
#40 C:/xampp/htdocs/johnceniza/vendor/laravel/framework/src/Illuminate/Pipeline/Pipeline.php(219): Illuminate/Foundation/Http/Middleware/PreventRequestsDuringMaintenance->handle(Object(Illuminate/Http/Request), Object(Closure))
#41 C:/xampp/htdocs/johnceniza/vendor/laravel/framework/src/Illuminate/Http/Middleware/HandleCors.php(61): Illuminate/Pipeline/Pipeline->Illuminate/Pipeline/{closure}(Object(Illuminate/Http/Request))
#42 C:/xampp/htdocs/johnceniza/vendor/laravel/framework/src/Illuminate/Pipeline/Pipeline.php(219): Illuminate/Http/Middleware/HandleCors->handle(Object(Illuminate/Http/Request), Object(Closure))
#43 C:/xampp/htdocs/johnceniza/vendor/laravel/framework/src/Illuminate/Http/Middleware/TrustProxies.php(58): Illuminate/Pipeline/Pipeline->Illuminate/Pipeline/{closure}(Object(Illuminate/Http/Request))
#44 C:/xampp/htdocs/johnceniza/vendor/laravel/framework/src/Illuminate/Pipeline/Pipeline.php(219): Illuminate/Http/Middleware/TrustProxies->handle(Object(Illuminate/Http/Request), Object(Closure))
#45 C:/xampp/htdocs/johnceniza/vendor/laravel/framework/src/Illuminate/Foundation/Http/Middleware/InvokeDeferredCallbacks.php(22): Illuminate/Pipeline/Pipeline->Illuminate/Pipeline/{closure}(Object(Illuminate/Http/Request))
#46 C:/xampp/htdocs/johnceniza/vendor/laravel/framework/src/Illuminate/Pipeline/Pipeline.php(219): Illuminate/Foundation/Http/Middleware/InvokeDeferredCallbacks->handle(Object(Illuminate/Http/Request), Object(Closure))
#47 C:/xampp/htdocs/johnceniza/vendor/laravel/framework/src/Illuminate/Http/Middleware/ValidatePathEncoding.php(26): Illuminate/Pipeline/Pipeline->Illuminate/Pipeline/{closure}(Object(Illuminate/Http/Request))
#48 C:/xampp/htdocs/johnceniza/vendor/laravel/framework/src/Illuminate/Pipeline/Pipeline.php(219): Illuminate/Http/Middleware/ValidatePathEncoding->handle(Object(Illuminate/Http/Request), Object(Closure))
#49 C:/xampp/htdocs/johnceniza/vendor/laravel/framework/src/Illuminate/Pipeline/Pipeline.php(137): Illuminate/Pipeline/Pipeline->Illuminate/Pipeline/{closure}(Object(Illuminate/Http/Request))
#50 C:/xampp/htdocs/johnceniza/vendor/laravel/framework/src/Illuminate/Foundation/Http/Kernel.php(175): Illuminate/Pipeline/Pipeline->then(Object(Closure))
#51 C:/xampp/htdocs/johnceniza/vendor/laravel/framework/src/Illuminate/Foundation/Http/Kernel.php(144): Illuminate/Foundation/Http/Kernel->sendRequestThroughRouter(Object(Illuminate/Http/Request))
#52 C:/xampp/htdocs/johnceniza/vendor/laravel/framework/src/Illuminate/Foundation/Application.php(1220): Illuminate/Foundation/Http/Kernel->handle(Object(Illuminate/Http/Request))
#53 C:/xampp/htdocs/johnceniza/public/index.php(20): Illuminate/Foundation/Application->handleRequest(Object(Illuminate/Http/Request))
#54 C:/xampp/htdocs/johnceniza/vendor/laravel/framework/src/Illuminate/Foundation/resources/server.php(23): require_once('C://xampp//htdocs...')
#55 {main}
"} 
[2026-09-24 17:04:09] local.ERROR: SQLSTATE[42S02]: Base table or view not found: 1146 Table 'laravel.sessions' doesn't exist (Connection: mysql, Host: 127.0.0.1, Port: 3306, Database: laravel, SQL: select * from `sessions` where `id` = 2Jq2c33ctASlXtwfhLGBd2KknQdv5ajrsxtNHszw limit 1) {"exception":"[object] (Illuminate\\Database\\QueryException(code: 42S02): SQLSTATE[42S02]: Base table or view not found: 1146 Table 'laravel.sessions' doesn't exist (Connection: mysql, Host: 127.0.0.1, Port: 3306, Database: laravel, SQL: select * from `sessions` where `id` = 2Jq2c33ctASlXtwfhLGBd2KknQdv5ajrsxtNHszw limit 1) at C:/xampp/htdocs/johnceniza/vendor/laravel/framework/src/Illuminate/Database/Connection.php:838)
[stacktrace]
#0 C:/xampp/htdocs/johnceniza/vendor/laravel/framework/src/Illuminate/Database/Connection.php(794): Illuminate/Database/Connection->runQueryCallback('select * from `...', Array, Object(Closure))
#1 C:/xampp/htdocs/johnceniza/vendor/laravel/framework/src/Illuminate/Database/Connection.php(411): Illuminate/Database/Connection->run('select * from `...', Array, Object(Closure))
#2 C:/xampp/htdocs/johnceniza/vendor/laravel/framework/src/Illuminate/Database/Query/Builder.php(3505): Illuminate/Database/Connection->select('select * from `...', Array, false)
#3 C:/xampp/htdocs/johnceniza/vendor/laravel/framework/src/Illuminate/Database/Query/Builder.php(3490): Illuminate/Database/Query/Builder->runSelect()
#4 C:/xampp/htdocs/johnceniza/vendor/laravel/framework/src/Illuminate/Database/Query/Builder.php(4080): Illuminate/Database/Query/Builder->Illuminate/Database/Query/{closure}()
#5 C:/xampp/htdocs/johnceniza/vendor/laravel/framework/src/Illuminate/Database/Query/Builder.php(3489): Illuminate/Database/Query/Builder->onceWithColumns(Array, Object(Closure))
#6 C:/xampp/htdocs/johnceniza/vendor/laravel/framework/src/Illuminate/Database/Concerns/BuildsQueries.php(366): Illuminate/Database/Query/Builder->get(Array)
#7 C:/xampp/htdocs/johnceniza/vendor/laravel/framework/src/Illuminate/Database/Query/Builder.php(3412): Illuminate/Database/Query/Builder->first(Array)
#8 C:/xampp/htdocs/johnceniza/vendor/laravel/framework/src/Illuminate/Session/DatabaseSessionHandler.php(96): Illuminate/Database/Query/Builder->find('2Jq2c33ctASlXtw...')
#9 C:/xampp/htdocs/johnceniza/vendor/laravel/framework/src/Illuminate/Session/Store.php(128): Illuminate/Session/DatabaseSessionHandler->read('2Jq2c33ctASlXtw...')
#10 C:/xampp/htdocs/johnceniza/vendor/laravel/framework/src/Illuminate/Session/Store.php(116): Illuminate/Session/Store->readFromHandler()
#11 C:/xampp/htdocs/johnceniza/vendor/laravel/framework/src/Illuminate/Session/Store.php(100): Illuminate/Session/Store->loadSession()
#12 C:/xampp/htdocs/johnceniza/vendor/laravel/framework/src/Illuminate/Session/Middleware/StartSession.php(146): Illuminate/Session/Store->start()
#13 C:/xampp/htdocs/johnceniza/vendor/laravel/framework/src/Illuminate/Support/helpers.php(393): Illuminate/Session/Middleware/StartSession->Illuminate/Session/Middleware/{closure}(Object(Illuminate/Session/Store))
#14 C:/xampp/htdocs/johnceniza/vendor/laravel/framework/src/Illuminate/Session/Middleware/StartSession.php(143): tap(Object(Illuminate/Session/Store), Object(Closure))
#15 C:/xampp/htdocs/johnceniza/vendor/laravel/framework/src/Illuminate/Session/Middleware/StartSession.php(115): Illuminate/Session/Middleware/StartSession->startSession(Object(Illuminate/Http/Request), Object(Illuminate/Session/Store))
#16 C:/xampp/htdocs/johnceniza/vendor/laravel/framework/src/Illuminate/Session/Middleware/StartSession.php(63): Illuminate/Session/Middleware/StartSession->handleStatefulRequest(Object(Illuminate/Http/Request), Object(Illuminate/Session/Store), Object(Closure))
#17 C:/xampp/htdocs/johnceniza/vendor/laravel/framework/src/Illuminate/Pipeline/Pipeline.php(219): Illuminate/Session/Middleware/StartSession->handle(Object(Illuminate/Http/Request), Object(Closure))
#18 C:/xampp/htdocs/johnceniza/vendor/laravel/framework/src/Illuminate/Cookie/Middleware/AddQueuedCookiesToResponse.php(36): Illuminate/Pipeline/Pipeline->Illuminate/Pipeline/{closure}(Object(Illuminate/Http/Request))
#19 C:/xampp/htdocs/johnceniza/vendor/laravel/framework/src/Illuminate/Pipeline/Pipeline.php(219): Illuminate/Cookie/Middleware/AddQueuedCookiesToResponse->handle(Object(Illuminate/Http/Request), Object(Closure))
#20 C:/xampp/htdocs/johnceniza/vendor/laravel/framework/src/Illuminate/Cookie/Middleware/EncryptCookies.php(74): Illuminate/Pipeline/Pipeline->Illuminate/Pipeline/{closure}(Object(Illuminate/Http/Request))
#21 C:/xampp/htdocs/johnceniza/vendor/laravel/framework/src/Illuminate/Pipeline/Pipeline.php(219): Illuminate/Cookie/Middleware/EncryptCookies->handle(Object(Illuminate/Http/Request), Object(Closure))
#22 C:/xampp/htdocs/johnceniza/vendor/laravel/framework/src/Illuminate/Pipeline/Pipeline.php(137): Illuminate/Pipeline/Pipeline->Illuminate/Pipeline/{closure}(Object(Illuminate/Http/Request))
#23 C:/xampp/htdocs/johnceniza/vendor/laravel/framework/src/Illuminate/Routing/Router.php(821): Illuminate/Pipeline/Pipeline->then(Object(Closure))
#24 C:/xampp/htdocs/johnceniza/vendor/laravel/framework/src/Illuminate/Routing/Router.php(800): Illuminate/Routing/Router->runRouteWithinStack(Object(Illuminate/Routing/Route), Object(Illuminate/Http/Request))
#25 C:/xampp/htdocs/johnceniza/vendor/laravel/framework/src/Illuminate/Routing/Router.php(764): Illuminate/Routing/Router->runRoute(Object(Illuminate/Http/Request), Object(Illuminate/Routing/Route))
#26 C:/xampp/htdocs/johnceniza/vendor/laravel/framework/src/Illuminate/Routing/Router.php(753): Illuminate/Routing/Router->dispatchToRoute(Object(Illuminate/Http/Request))
#27 C:/xampp/htdocs/johnceniza/vendor/laravel/framework/src/Illuminate/Foundation/Http/Kernel.php(200): Illuminate/Routing/Router->dispatch(Object(Illuminate/Http/Request))
#28 C:/xampp/htdocs/johnceniza/vendor/laravel/framework/src/Illuminate/Pipeline/Pipeline.php(180): Illuminate/Foundation/Http/Kernel->Illuminate/Foundation/Http/{closure}(Object(Illuminate/Http/Request))
#29 C:/xampp/htdocs/johnceniza/vendor/laravel/framework/src/Illuminate/Foundation/Http/Middleware/TransformsRequest.php(21): Illuminate/Pipeline/Pipeline->Illuminate/Pipeline/{closure}(Object(Illuminate/Http/Request))
#30 C:/xampp/htdocs/johnceniza/vendor/laravel/framework/src/Illuminate/Foundation/Http/Middleware/ConvertEmptyStringsToNull.php(31): Illuminate/Foundation/Http/Middleware/TransformsRequest->handle(Object(Illuminate/Http/Request), Object(Closure))
#31 C:/xampp/htdocs/johnceniza/vendor/laravel/framework/src/Illuminate/Pipeline/Pipeline.php(219): Illuminate/Foundation/Http/Middleware/ConvertEmptyStringsToNull->handle(Object(Illuminate/Http/Request), Object(Closure))
#32 C:/xampp/htdocs/johnceniza/vendor/laravel/framework/src/Illuminate/Foundation/Http/Middleware/TransformsRequest.php(21): Illuminate/Pipeline/Pipeline->Illuminate/Pipeline/{closure}(Object(Illuminate/Http/Request))
#33 C:/xampp/htdocs/johnceniza/vendor/laravel/framework/src/Illuminate/Foundation/Http/Middleware/TrimStrings.php(51): Illuminate/Foundation/Http/Middleware/TransformsRequest->handle(Object(Illuminate/Http/Request), Object(Closure))
#34 C:/xampp/htdocs/johnceniza/vendor/laravel/framework/src/Illuminate/Pipeline/Pipeline.php(219): Illuminate/Foundation/Http/Middleware/TrimStrings->handle(Object(Illuminate/Http/Request), Object(Closure))
#35 C:/xampp/htdocs/johnceniza/vendor/laravel/framework/src/Illuminate/Http/Middleware/ValidatePostSize.php(27): Illuminate/Pipeline/Pipeline->Illuminate/Pipeline/{closure}(Object(Illuminate/Http/Request))
#36 C:/xampp/htdocs/johnceniza/vendor/laravel/framework/src/Illuminate/Pipeline/Pipeline.php(219): Illuminate/Http/Middleware/ValidatePostSize->handle(Object(Illuminate/Http/Request), Object(Closure))
#37 C:/xampp/htdocs/johnceniza/vendor/laravel/framework/src/Illuminate/Foundation/Http/Middleware/PreventRequestsDuringMaintenance.php(109): Illuminate/Pipeline/Pipeline->Illuminate/Pipeline/{closure}(Object(Illuminate/Http/Request))
#38 C:/xampp/htdocs/johnceniza/vendor/laravel/framework/src/Illuminate/Pipeline/Pipeline.php(219): Illuminate/Foundation/Http/Middleware/PreventRequestsDuringMaintenance->handle(Object(Illuminate/Http/Request), Object(Closure))
#39 C:/xampp/htdocs/johnceniza/vendor/laravel/framework/src/Illuminate/Http/Middleware/HandleCors.php(61): Illuminate/Pipeline/Pipeline->Illuminate/Pipeline/{closure}(Object(Illuminate/Http/Request))
#40 C:/xampp/htdocs/johnceniza/vendor/laravel/framework/src/Illuminate/Pipeline/Pipeline.php(219): Illuminate/Http/Middleware/HandleCors->handle(Object(Illuminate/Http/Request), Object(Closure))
#41 C:/xampp/htdocs/johnceniza/vendor/laravel/framework/src/Illuminate/Http/Middleware/TrustProxies.php(58): Illuminate/Pipeline/Pipeline->Illuminate/Pipeline/{closure}(Object(Illuminate/Http/Request))
#42 C:/xampp/htdocs/johnceniza/vendor/laravel/framework/src/Illuminate/Pipeline/Pipeline.php(219): Illuminate/Http/Middleware/TrustProxies->handle(Object(Illuminate/Http/Request), Object(Closure))
#43 C:/xampp/htdocs/johnceniza/vendor/laravel/framework/src/Illuminate/Foundation/Http/Middleware/InvokeDeferredCallbacks.php(22): Illuminate/Pipeline/Pipeline->Illuminate/Pipeline/{closure}(Object(Illuminate/Http/Request))
#44 C:/xampp/htdocs/johnceniza/vendor/laravel/framework/src/Illuminate/Pipeline/Pipeline.php(219): Illuminate/Foundation/Http/Middleware/InvokeDeferredCallbacks->handle(Object(Illuminate/Http/Request), Object(Closure))
#45 C:/xampp/htdocs/johnceniza/vendor/laravel/framework/src/Illuminate/Http/Middleware/ValidatePathEncoding.php(26): Illuminate/Pipeline/Pipeline->Illuminate/Pipeline/{closure}(Object(Illuminate/Http/Request))
#46 C:/xampp/htdocs/johnceniza/vendor/laravel/framework/src/Illuminate/Pipeline/Pipeline.php(219): Illuminate/Http/Middleware/ValidatePathEncoding->handle(Object(Illuminate/Http/Request), Object(Closure))
#47 C:/xampp/htdocs/johnceniza/vendor/laravel/framework/src/Illuminate/Pipeline/Pipeline.php(137): Illuminate/Pipeline/Pipeline->Illuminate/Pipeline/{closure}(Object(Illuminate/Http/Request))
#48 C:/xampp/htdocs/johnceniza/vendor/laravel/framework/src/Illuminate/Foundation/Http/Kernel.php(175): Illuminate/Pipeline/Pipeline->then(Object(Closure))
#49 C:/xampp/htdocs/johnceniza/vendor/laravel/framework/src/Illuminate/Foundation/Http/Kernel.php(144): Illuminate/Foundation/Http/Kernel->sendRequestThroughRouter(Object(Illuminate/Http/Request))
#50 C:/xampp/htdocs/johnceniza/vendor/laravel/framework/src/Illuminate/Foundation/Application.php(1220): Illuminate/Foundation/Http/Kernel->handle(Object(Illuminate/Http/Request))
#51 C:/xampp/htdocs/johnceniza/public/index.php(20): Illuminate/Foundation/Application->handleRequest(Object(Illuminate/Http/Request))
#52 C:/xampp/htdocs/johnceniza/vendor/laravel/framework/src/Illuminate/Foundation/resources/server.php(23): require_once('C://xampp//htdocs...')
#53 {main}

[previous exception] [object] (PDOException(code: 42S02): SQLSTATE[42S02]: Base table or view not found: 1146 Table 'laravel.sessions' doesn't exist at C:/xampp/htdocs/johnceniza/vendor/laravel/framework/src/Illuminate/Database/Connection.php:420)
[stacktrace]
#0 C:/xampp/htdocs/johnceniza/vendor/laravel/framework/src/Illuminate/Database/Connection.php(420): PDO->prepare('select * from `...')
#1 C:/xampp/htdocs/johnceniza/vendor/laravel/framework/src/Illuminate/Database/Connection.php(827): Illuminate/Database/Connection->Illuminate/Database/{closure}('select * from `...', Array)
#2 C:/xampp/htdocs/johnceniza/vendor/laravel/framework/src/Illuminate/Database/Connection.php(794): Illuminate/Database/Connection->runQueryCallback('select * from `...', Array, Object(Closure))
#3 C:/xampp/htdocs/johnceniza/vendor/laravel/framework/src/Illuminate/Database/Connection.php(411): Illuminate/Database/Connection->run('select * from `...', Array, Object(Closure))
#4 C:/xampp/htdocs/johnceniza/vendor/laravel/framework/src/Illuminate/Database/Query/Builder.php(3505): Illuminate/Database/Connection->select('select * from `...', Array, false)
#5 C:/xampp/htdocs/johnceniza/vendor/laravel/framework/src/Illuminate/Database/Query/Builder.php(3490): Illuminate/Database/Query/Builder->runSelect()
#6 C:/xampp/htdocs/johnceniza/vendor/laravel/framework/src/Illuminate/Database/Query/Builder.php(4080): Illuminate/Database/Query/Builder->Illuminate/Database/Query/{closure}()
#7 C:/xampp/htdocs/johnceniza/vendor/laravel/framework/src/Illuminate/Database/Query/Builder.php(3489): Illuminate/Database/Query/Builder->onceWithColumns(Array, Object(Closure))
#8 C:/xampp/htdocs/johnceniza/vendor/laravel/framework/src/Illuminate/Database/Concerns/BuildsQueries.php(366): Illuminate/Database/Query/Builder->get(Array)
#9 C:/xampp/htdocs/johnceniza/vendor/laravel/framework/src/Illuminate/Database/Query/Builder.php(3412): Illuminate/Database/Query/Builder->first(Array)
#10 C:/xampp/htdocs/johnceniza/vendor/laravel/framework/src/Illuminate/Session/DatabaseSessionHandler.php(96): Illuminate/Database/Query/Builder->find('2Jq2c33ctASlXtw...')
#11 C:/xampp/htdocs/johnceniza/vendor/laravel/framework/src/Illuminate/Session/Store.php(128): Illuminate/Session/DatabaseSessionHandler->read('2Jq2c33ctASlXtw...')
#12 C:/xampp/htdocs/johnceniza/vendor/laravel/framework/src/Illuminate/Session/Store.php(116): Illuminate/Session/Store->readFromHandler()
#13 C:/xampp/htdocs/johnceniza/vendor/laravel/framework/src/Illuminate/Session/Store.php(100): Illuminate/Session/Store->loadSession()
#14 C:/xampp/htdocs/johnceniza/vendor/laravel/framework/src/Illuminate/Session/Middleware/StartSession.php(146): Illuminate/Session/Store->start()
#15 C:/xampp/htdocs/johnceniza/vendor/laravel/framework/src/Illuminate/Support/helpers.php(393): Illuminate/Session/Middleware/StartSession->Illuminate/Session/Middleware/{closure}(Object(Illuminate/Session/Store))
#16 C:/xampp/htdocs/johnceniza/vendor/laravel/framework/src/Illuminate/Session/Middleware/StartSession.php(143): tap(Object(Illuminate/Session/Store), Object(Closure))
#17 C:/xampp/htdocs/johnceniza/vendor/laravel/framework/src/Illuminate/Session/Middleware/StartSession.php(115): Illuminate/Session/Middleware/StartSession->startSession(Object(Illuminate/Http/Request), Object(Illuminate/Session/Store))
#18 C:/xampp/htdocs/johnceniza/vendor/laravel/framework/src/Illuminate/Session/Middleware/StartSession.php(63): Illuminate/Session/Middleware/StartSession->handleStatefulRequest(Object(Illuminate/Http/Request), Object(Illuminate/Session/Store), Object(Closure))
#19 C:/xampp/htdocs/johnceniza/vendor/laravel/framework/src/Illuminate/Pipeline/Pipeline.php(219): Illuminate/Session/Middleware/StartSession->handle(Object(Illuminate/Http/Request), Object(Closure))
#20 C:/xampp/htdocs/johnceniza/vendor/laravel/framework/src/Illuminate/Cookie/Middleware/AddQueuedCookiesToResponse.php(36): Illuminate/Pipeline/Pipeline->Illuminate/Pipeline/{closure}(Object(Illuminate/Http/Request))
#21 C:/xampp/htdocs/johnceniza/vendor/laravel/framework/src/Illuminate/Pipeline/Pipeline.php(219): Illuminate/Cookie/Middleware/AddQueuedCookiesToResponse->handle(Object(Illuminate/Http/Request), Object(Closure))
#22 C:/xampp/htdocs/johnceniza/vendor/laravel/framework/src/Illuminate/Cookie/Middleware/EncryptCookies.php(74): Illuminate/Pipeline/Pipeline->Illuminate/Pipeline/{closure}(Object(Illuminate/Http/Request))
#23 C:/xampp/htdocs/johnceniza/vendor/laravel/framework/src/Illuminate/Pipeline/Pipeline.php(219): Illuminate/Cookie/Middleware/EncryptCookies->handle(Object(Illuminate/Http/Request), Object(Closure))
#24 C:/xampp/htdocs/johnceniza/vendor/laravel/framework/src/Illuminate/Pipeline/Pipeline.php(137): Illuminate/Pipeline/Pipeline->Illuminate/Pipeline/{closure}(Object(Illuminate/Http/Request))
#25 C:/xampp/htdocs/johnceniza/vendor/laravel/framework/src/Illuminate/Routing/Router.php(821): Illuminate/Pipeline/Pipeline->then(Object(Closure))
#26 C:/xampp/htdocs/johnceniza/vendor/laravel/framework/src/Illuminate/Routing/Router.php(800): Illuminate/Routing/Router->runRouteWithinStack(Object(Illuminate/Routing/Route), Object(Illuminate/Http/Request))
#27 C:/xampp/htdocs/johnceniza/vendor/laravel/framework/src/Illuminate/Routing/Router.php(764): Illuminate/Routing/Router->runRoute(Object(Illuminate/Http/Request), Object(Illuminate/Routing/Route))
#28 C:/xampp/htdocs/johnceniza/vendor/laravel/framework/src/Illuminate/Routing/Router.php(753): Illuminate/Routing/Router->dispatchToRoute(Object(Illuminate/Http/Request))
#29 C:/xampp/htdocs/johnceniza/vendor/laravel/framework/src/Illuminate/Foundation/Http/Kernel.php(200): Illuminate/Routing/Router->dispatch(Object(Illuminate/Http/Request))
#30 C:/xampp/htdocs/johnceniza/vendor/laravel/framework/src/Illuminate/Pipeline/Pipeline.php(180): Illuminate/Foundation/Http/Kernel->Illuminate/Foundation/Http/{closure}(Object(Illuminate/Http/Request))
#31 C:/xampp/htdocs/johnceniza/vendor/laravel/framework/src/Illuminate/Foundation/Http/Middleware/TransformsRequest.php(21): Illuminate/Pipeline/Pipeline->Illuminate/Pipeline/{closure}(Object(Illuminate/Http/Request))
#32 C:/xampp/htdocs/johnceniza/vendor/laravel/framework/src/Illuminate/Foundation/Http/Middleware/ConvertEmptyStringsToNull.php(31): Illuminate/Foundation/Http/Middleware/TransformsRequest->handle(Object(Illuminate/Http/Request), Object(Closure))
#33 C:/xampp/htdocs/johnceniza/vendor/laravel/framework/src/Illuminate/Pipeline/Pipeline.php(219): Illuminate/Foundation/Http/Middleware/ConvertEmptyStringsToNull->handle(Object(Illuminate/Http/Request), Object(Closure))
#34 C:/xampp/htdocs/johnceniza/vendor/laravel/framework/src/Illuminate/Foundation/Http/Middleware/TransformsRequest.php(21): Illuminate/Pipeline/Pipeline->Illuminate/Pipeline/{closure}(Object(Illuminate/Http/Request))
#35 C:/xampp/htdocs/johnceniza/vendor/laravel/framework/src/Illuminate/Foundation/Http/Middleware/TrimStrings.php(51): Illuminate/Foundation/Http/Middleware/TransformsRequest->handle(Object(Illuminate/Http/Request), Object(Closure))
#36 C:/xampp/htdocs/johnceniza/vendor/laravel/framework/src/Illuminate/Pipeline/Pipeline.php(219): Illuminate/Foundation/Http/Middleware/TrimStrings->handle(Object(Illuminate/Http/Request), Object(Closure))
#37 C:/xampp/htdocs/johnceniza/vendor/laravel/framework/src/Illuminate/Http/Middleware/ValidatePostSize.php(27): Illuminate/Pipeline/Pipeline->Illuminate/Pipeline/{closure}(Object(Illuminate/Http/Request))
#38 C:/xampp/htdocs/johnceniza/vendor/laravel/framework/src/Illuminate/Pipeline/Pipeline.php(219): Illuminate/Http/Middleware/ValidatePostSize->handle(Object(Illuminate/Http/Request), Object(Closure))
#39 C:/xampp/htdocs/johnceniza/vendor/laravel/framework/src/Illuminate/Foundation/Http/Middleware/PreventRequestsDuringMaintenance.php(109): Illuminate/Pipeline/Pipeline->Illuminate/Pipeline/{closure}(Object(Illuminate/Http/Request))
#40 C:/xampp/htdocs/johnceniza/vendor/laravel/framework/src/Illuminate/Pipeline/Pipeline.php(219): Illuminate/Foundation/Http/Middleware/PreventRequestsDuringMaintenance->handle(Object(Illuminate/Http/Request), Object(Closure))
#41 C:/xampp/htdocs/johnceniza/vendor/laravel/framework/src/Illuminate/Http/Middleware/HandleCors.php(61): Illuminate/Pipeline/Pipeline->Illuminate/Pipeline/{closure}(Object(Illuminate/Http/Request))
#42 C:/xampp/htdocs/johnceniza/vendor/laravel/framework/src/Illuminate/Pipeline/Pipeline.php(219): Illuminate/Http/Middleware/HandleCors->handle(Object(Illuminate/Http/Request), Object(Closure))
#43 C:/xampp/htdocs/johnceniza/vendor/laravel/framework/src/Illuminate/Http/Middleware/TrustProxies.php(58): Illuminate/Pipeline/Pipeline->Illuminate/Pipeline/{closure}(Object(Illuminate/Http/Request))
#44 C:/xampp/htdocs/johnceniza/vendor/laravel/framework/src/Illuminate/Pipeline/Pipeline.php(219): Illuminate/Http/Middleware/TrustProxies->handle(Object(Illuminate/Http/Request), Object(Closure))
#45 C:/xampp/htdocs/johnceniza/vendor/laravel/framework/src/Illuminate/Foundation/Http/Middleware/InvokeDeferredCallbacks.php(22): Illuminate/Pipeline/Pipeline->Illuminate/Pipeline/{closure}(Object(Illuminate/Http/Request))
#46 C:/xampp/htdocs/johnceniza/vendor/laravel/framework/src/Illuminate/Pipeline/Pipeline.php(219): Illuminate/Foundation/Http/Middleware/InvokeDeferredCallbacks->handle(Object(Illuminate/Http/Request), Object(Closure))
#47 C:/xampp/htdocs/johnceniza/vendor/laravel/framework/src/Illuminate/Http/Middleware/ValidatePathEncoding.php(26): Illuminate/Pipeline/Pipeline->Illuminate/Pipeline/{closure}(Object(Illuminate/Http/Request))
#48 C:/xampp/htdocs/johnceniza/vendor/laravel/framework/src/Illuminate/Pipeline/Pipeline.php(219): Illuminate/Http/Middleware/ValidatePathEncoding->handle(Object(Illuminate/Http/Request), Object(Closure))
#49 C:/xampp/htdocs/johnceniza/vendor/laravel/framework/src/Illuminate/Pipeline/Pipeline.php(137): Illuminate/Pipeline/Pipeline->Illuminate/Pipeline/{closure}(Object(Illuminate/Http/Request))
#50 C:/xampp/htdocs/johnceniza/vendor/laravel/framework/src/Illuminate/Foundation/Http/Kernel.php(175): Illuminate/Pipeline/Pipeline->then(Object(Closure))
#51 C:/xampp/htdocs/johnceniza/vendor/laravel/framework/src/Illuminate/Foundation/Http/Kernel.php(144): Illuminate/Foundation/Http/Kernel->sendRequestThroughRouter(Object(Illuminate/Http/Request))
#52 C:/xampp/htdocs/johnceniza/vendor/laravel/framework/src/Illuminate/Foundation/Application.php(1220): Illuminate/Foundation/Http/Kernel->handle(Object(Illuminate/Http/Request))
#53 C:/xampp/htdocs/johnceniza/public/index.php(20): Illuminate/Foundation/Application->handleRequest(Object(Illuminate/Http/Request))
#54 C:/xampp/htdocs/johnceniza/vendor/laravel/framework/src/Illuminate/Foundation/resources/server.php(23): require_once('C://xampp//htdocs...')
#55 {main}
"} 
[2026-09-24 17:06:33] local.ERROR: SQLSTATE[42S02]: Base table or view not found: 1146 Table 'laravel.sessions' doesn't exist (Connection: mysql, Host: 127.0.0.1, Port: 3306, Database: laravel, SQL: select * from `sessions` where `id` = AyZN5UVb5fAOZd3Jfu2u18vKXy00SU82mRU8hNeD limit 1) {"exception":"[object] (Illuminate\\Database\\QueryException(code: 42S02): SQLSTATE[42S02]: Base table or view not found: 1146 Table 'laravel.sessions' doesn't exist (Connection: mysql, Host: 127.0.0.1, Port: 3306, Database: laravel, SQL: select * from `sessions` where `id` = AyZN5UVb5fAOZd3Jfu2u18vKXy00SU82mRU8hNeD limit 1) at C:/xampp/htdocs/johnceniza/vendor/laravel/framework/src/Illuminate/Database/Connection.php:838)
[stacktrace]
#0 C:/xampp/htdocs/johnceniza/vendor/laravel/framework/src/Illuminate/Database/Connection.php(794): Illuminate/Database/Connection->runQueryCallback('select * from `...', Array, Object(Closure))
#1 C:/xampp/htdocs/johnceniza/vendor/laravel/framework/src/Illuminate/Database/Connection.php(411): Illuminate/Database/Connection->run('select * from `...', Array, Object(Closure))
#2 C:/xampp/htdocs/johnceniza/vendor/laravel/framework/src/Illuminate/Database/Query/Builder.php(3505): Illuminate/Database/Connection->select('select * from `...', Array, false)
#3 C:/xampp/htdocs/johnceniza/vendor/laravel/framework/src/Illuminate/Database/Query/Builder.php(3490): Illuminate/Database/Query/Builder->runSelect()
#4 C:/xampp/htdocs/johnceniza/vendor/laravel/framework/src/Illuminate/Database/Query/Builder.php(4080): Illuminate/Database/Query/Builder->Illuminate/Database/Query/{closure}()
#5 C:/xampp/htdocs/johnceniza/vendor/laravel/framework/src/Illuminate/Database/Query/Builder.php(3489): Illuminate/Database/Query/Builder->onceWithColumns(Array, Object(Closure))
#6 C:/xampp/htdocs/johnceniza/vendor/laravel/framework/src/Illuminate/Database/Concerns/BuildsQueries.php(366): Illuminate/Database/Query/Builder->get(Array)
#7 C:/xampp/htdocs/johnceniza/vendor/laravel/framework/src/Illuminate/Database/Query/Builder.php(3412): Illuminate/Database/Query/Builder->first(Array)
#8 C:/xampp/htdocs/johnceniza/vendor/laravel/framework/src/Illuminate/Session/DatabaseSessionHandler.php(96): Illuminate/Database/Query/Builder->find('AyZN5UVb5fAOZd3...')
#9 C:/xampp/htdocs/johnceniza/vendor/laravel/framework/src/Illuminate/Session/Store.php(128): Illuminate/Session/DatabaseSessionHandler->read('AyZN5UVb5fAOZd3...')
#10 C:/xampp/htdocs/johnceniza/vendor/laravel/framework/src/Illuminate/Session/Store.php(116): Illuminate/Session/Store->readFromHandler()
#11 C:/xampp/htdocs/johnceniza/vendor/laravel/framework/src/Illuminate/Session/Store.php(100): Illuminate/Session/Store->loadSession()
#12 C:/xampp/htdocs/johnceniza/vendor/laravel/framework/src/Illuminate/Session/Middleware/StartSession.php(146): Illuminate/Session/Store->start()
#13 C:/xampp/htdocs/johnceniza/vendor/laravel/framework/src/Illuminate/Support/helpers.php(393): Illuminate/Session/Middleware/StartSession->Illuminate/Session/Middleware/{closure}(Object(Illuminate/Session/Store))
#14 C:/xampp/htdocs/johnceniza/vendor/laravel/framework/src/Illuminate/Session/Middleware/StartSession.php(143): tap(Object(Illuminate/Session/Store), Object(Closure))
#15 C:/xampp/htdocs/johnceniza/vendor/laravel/framework/src/Illuminate/Session/Middleware/StartSession.php(115): Illuminate/Session/Middleware/StartSession->startSession(Object(Illuminate/Http/Request), Object(Illuminate/Session/Store))
#16 C:/xampp/htdocs/johnceniza/vendor/laravel/framework/src/Illuminate/Session/Middleware/StartSession.php(63): Illuminate/Session/Middleware/StartSession->handleStatefulRequest(Object(Illuminate/Http/Request), Object(Illuminate/Session/Store), Object(Closure))
#17 C:/xampp/htdocs/johnceniza/vendor/laravel/framework/src/Illuminate/Pipeline/Pipeline.php(219): Illuminate/Session/Middleware/StartSession->handle(Object(Illuminate/Http/Request), Object(Closure))
#18 C:/xampp/htdocs/johnceniza/vendor/laravel/framework/src/Illuminate/Cookie/Middleware/AddQueuedCookiesToResponse.php(36): Illuminate/Pipeline/Pipeline->Illuminate/Pipeline/{closure}(Object(Illuminate/Http/Request))
#19 C:/xampp/htdocs/johnceniza/vendor/laravel/framework/src/Illuminate/Pipeline/Pipeline.php(219): Illuminate/Cookie/Middleware/AddQueuedCookiesToResponse->handle(Object(Illuminate/Http/Request), Object(Closure))
#20 C:/xampp/htdocs/johnceniza/vendor/laravel/framework/src/Illuminate/Cookie/Middleware/EncryptCookies.php(74): Illuminate/Pipeline/Pipeline->Illuminate/Pipeline/{closure}(Object(Illuminate/Http/Request))
#21 C:/xampp/htdocs/johnceniza/vendor/laravel/framework/src/Illuminate/Pipeline/Pipeline.php(219): Illuminate/Cookie/Middleware/EncryptCookies->handle(Object(Illuminate/Http/Request), Object(Closure))
#22 C:/xampp/htdocs/johnceniza/vendor/laravel/framework/src/Illuminate/Pipeline/Pipeline.php(137): Illuminate/Pipeline/Pipeline->Illuminate/Pipeline/{closure}(Object(Illuminate/Http/Request))
#23 C:/xampp/htdocs/johnceniza/vendor/laravel/framework/src/Illuminate/Routing/Router.php(821): Illuminate/Pipeline/Pipeline->then(Object(Closure))
#24 C:/xampp/htdocs/johnceniza/vendor/laravel/framework/src/Illuminate/Routing/Router.php(800): Illuminate/Routing/Router->runRouteWithinStack(Object(Illuminate/Routing/Route), Object(Illuminate/Http/Request))
#25 C:/xampp/htdocs/johnceniza/vendor/laravel/framework/src/Illuminate/Routing/Router.php(764): Illuminate/Routing/Router->runRoute(Object(Illuminate/Http/Request), Object(Illuminate/Routing/Route))
#26 C:/xampp/htdocs/johnceniza/vendor/laravel/framework/src/Illuminate/Routing/Router.php(753): Illuminate/Routing/Router->dispatchToRoute(Object(Illuminate/Http/Request))
#27 C:/xampp/htdocs/johnceniza/vendor/laravel/framework/src/Illuminate/Foundation/Http/Kernel.php(200): Illuminate/Routing/Router->dispatch(Object(Illuminate/Http/Request))
#28 C:/xampp/htdocs/johnceniza/vendor/laravel/framework/src/Illuminate/Pipeline/Pipeline.php(180): Illuminate/Foundation/Http/Kernel->Illuminate/Foundation/Http/{closure}(Object(Illuminate/Http/Request))
#29 C:/xampp/htdocs/johnceniza/vendor/laravel/framework/src/Illuminate/Foundation/Http/Middleware/TransformsRequest.php(21): Illuminate/Pipeline/Pipeline->Illuminate/Pipeline/{closure}(Object(Illuminate/Http/Request))
#30 C:/xampp/htdocs/johnceniza/vendor/laravel/framework/src/Illuminate/Foundation/Http/Middleware/ConvertEmptyStringsToNull.php(31): Illuminate/Foundation/Http/Middleware/TransformsRequest->handle(Object(Illuminate/Http/Request), Object(Closure))
#31 C:/xampp/htdocs/johnceniza/vendor/laravel/framework/src/Illuminate/Pipeline/Pipeline.php(219): Illuminate/Foundation/Http/Middleware/ConvertEmptyStringsToNull->handle(Object(Illuminate/Http/Request), Object(Closure))
#32 C:/xampp/htdocs/johnceniza/vendor/laravel/framework/src/Illuminate/Foundation/Http/Middleware/TransformsRequest.php(21): Illuminate/Pipeline/Pipeline->Illuminate/Pipeline/{closure}(Object(Illuminate/Http/Request))
#33 C:/xampp/htdocs/johnceniza/vendor/laravel/framework/src/Illuminate/Foundation/Http/Middleware/TrimStrings.php(51): Illuminate/Foundation/Http/Middleware/TransformsRequest->handle(Object(Illuminate/Http/Request), Object(Closure))
#34 C:/xampp/htdocs/johnceniza/vendor/laravel/framework/src/Illuminate/Pipeline/Pipeline.php(219): Illuminate/Foundation/Http/Middleware/TrimStrings->handle(Object(Illuminate/Http/Request), Object(Closure))
#35 C:/xampp/htdocs/johnceniza/vendor/laravel/framework/src/Illuminate/Http/Middleware/ValidatePostSize.php(27): Illuminate/Pipeline/Pipeline->Illuminate/Pipeline/{closure}(Object(Illuminate/Http/Request))
#36 C:/xampp/htdocs/johnceniza/vendor/laravel/framework/src/Illuminate/Pipeline/Pipeline.php(219): Illuminate/Http/Middleware/ValidatePostSize->handle(Object(Illuminate/Http/Request), Object(Closure))
#37 C:/xampp/htdocs/johnceniza/vendor/laravel/framework/src/Illuminate/Foundation/Http/Middleware/PreventRequestsDuringMaintenance.php(109): Illuminate/Pipeline/Pipeline->Illuminate/Pipeline/{closure}(Object(Illuminate/Http/Request))
#38 C:/xampp/htdocs/johnceniza/vendor/laravel/framework/src/Illuminate/Pipeline/Pipeline.php(219): Illuminate/Foundation/Http/Middleware/PreventRequestsDuringMaintenance->handle(Object(Illuminate/Http/Request), Object(Closure))
#39 C:/xampp/htdocs/johnceniza/vendor/laravel/framework/src/Illuminate/Http/Middleware/HandleCors.php(61): Illuminate/Pipeline/Pipeline->Illuminate/Pipeline/{closure}(Object(Illuminate/Http/Request))
#40 C:/xampp/htdocs/johnceniza/vendor/laravel/framework/src/Illuminate/Pipeline/Pipeline.php(219): Illuminate/Http/Middleware/HandleCors->handle(Object(Illuminate/Http/Request), Object(Closure))
#41 C:/xampp/htdocs/johnceniza/vendor/laravel/framework/src/Illuminate/Http/Middleware/TrustProxies.php(58): Illuminate/Pipeline/Pipeline->Illuminate/Pipeline/{closure}(Object(Illuminate/Http/Request))
#42 C:/xampp/htdocs/johnceniza/vendor/laravel/framework/src/Illuminate/Pipeline/Pipeline.php(219): Illuminate/Http/Middleware/TrustProxies->handle(Object(Illuminate/Http/Request), Object(Closure))
#43 C:/xampp/htdocs/johnceniza/vendor/laravel/framework/src/Illuminate/Foundation/Http/Middleware/InvokeDeferredCallbacks.php(22): Illuminate/Pipeline/Pipeline->Illuminate/Pipeline/{closure}(Object(Illuminate/Http/Request))
#44 C:/xampp/htdocs/johnceniza/vendor/laravel/framework/src/Illuminate/Pipeline/Pipeline.php(219): Illuminate/Foundation/Http/Middleware/InvokeDeferredCallbacks->handle(Object(Illuminate/Http/Request), Object(Closure))
#45 C:/xampp/htdocs/johnceniza/vendor/laravel/framework/src/Illuminate/Http/Middleware/ValidatePathEncoding.php(26): Illuminate/Pipeline/Pipeline->Illuminate/Pipeline/{closure}(Object(Illuminate/Http/Request))
#46 C:/xampp/htdocs/johnceniza/vendor/laravel/framework/src/Illuminate/Pipeline/Pipeline.php(219): Illuminate/Http/Middleware/ValidatePathEncoding->handle(Object(Illuminate/Http/Request), Object(Closure))
#47 C:/xampp/htdocs/johnceniza/vendor/laravel/framework/src/Illuminate/Pipeline/Pipeline.php(137): Illuminate/Pipeline/Pipeline->Illuminate/Pipeline/{closure}(Object(Illuminate/Http/Request))
#48 C:/xampp/htdocs/johnceniza/vendor/laravel/framework/src/Illuminate/Foundation/Http/Kernel.php(175): Illuminate/Pipeline/Pipeline->then(Object(Closure))
#49 C:/xampp/htdocs/johnceniza/vendor/laravel/framework/src/Illuminate/Foundation/Http/Kernel.php(144): Illuminate/Foundation/Http/Kernel->sendRequestThroughRouter(Object(Illuminate/Http/Request))
#50 C:/xampp/htdocs/johnceniza/vendor/laravel/framework/src/Illuminate/Foundation/Application.php(1220): Illuminate/Foundation/Http/Kernel->handle(Object(Illuminate/Http/Request))
#51 C:/xampp/htdocs/johnceniza/public/index.php(20): Illuminate/Foundation/Application->handleRequest(Object(Illuminate/Http/Request))
#52 C:/xampp/htdocs/johnceniza/vendor/laravel/framework/src/Illuminate/Foundation/resources/server.php(23): require_once('C://xampp//htdocs...')
#53 {main}

[previous exception] [object] (PDOException(code: 42S02): SQLSTATE[42S02]: Base table or view not found: 1146 Table 'laravel.sessions' doesn't exist at C:/xampp/htdocs/johnceniza/vendor/laravel/framework/src/Illuminate/Database/Connection.php:420)
[stacktrace]
#0 C:/xampp/htdocs/johnceniza/vendor/laravel/framework/src/Illuminate/Database/Connection.php(420): PDO->prepare('select * from `...')
#1 C:/xampp/htdocs/johnceniza/vendor/laravel/framework/src/Illuminate/Database/Connection.php(827): Illuminate/Database/Connection->Illuminate/Database/{closure}('select * from `...', Array)
#2 C:/xampp/htdocs/johnceniza/vendor/laravel/framework/src/Illuminate/Database/Connection.php(794): Illuminate/Database/Connection->runQueryCallback('select * from `...', Array, Object(Closure))
#3 C:/xampp/htdocs/johnceniza/vendor/laravel/framework/src/Illuminate/Database/Connection.php(411): Illuminate/Database/Connection->run('select * from `...', Array, Object(Closure))
#4 C:/xampp/htdocs/johnceniza/vendor/laravel/framework/src/Illuminate/Database/Query/Builder.php(3505): Illuminate/Database/Connection->select('select * from `...', Array, false)
#5 C:/xampp/htdocs/johnceniza/vendor/laravel/framework/src/Illuminate/Database/Query/Builder.php(3490): Illuminate/Database/Query/Builder->runSelect()
#6 C:/xampp/htdocs/johnceniza/vendor/laravel/framework/src/Illuminate/Database/Query/Builder.php(4080): Illuminate/Database/Query/Builder->Illuminate/Database/Query/{closure}()
#7 C:/xampp/htdocs/johnceniza/vendor/laravel/framework/src/Illuminate/Database/Query/Builder.php(3489): Illuminate/Database/Query/Builder->onceWithColumns(Array, Object(Closure))
#8 C:/xampp/htdocs/johnceniza/vendor/laravel/framework/src/Illuminate/Database/Concerns/BuildsQueries.php(366): Illuminate/Database/Query/Builder->get(Array)
#9 C:/xampp/htdocs/johnceniza/vendor/laravel/framework/src/Illuminate/Database/Query/Builder.php(3412): Illuminate/Database/Query/Builder->first(Array)
#10 C:/xampp/htdocs/johnceniza/vendor/laravel/framework/src/Illuminate/Session/DatabaseSessionHandler.php(96): Illuminate/Database/Query/Builder->find('AyZN5UVb5fAOZd3...')
#11 C:/xampp/htdocs/johnceniza/vendor/laravel/framework/src/Illuminate/Session/Store.php(128): Illuminate/Session/DatabaseSessionHandler->read('AyZN5UVb5fAOZd3...')
#12 C:/xampp/htdocs/johnceniza/vendor/laravel/framework/src/Illuminate/Session/Store.php(116): Illuminate/Session/Store->readFromHandler()
#13 C:/xampp/htdocs/johnceniza/vendor/laravel/framework/src/Illuminate/Session/Store.php(100): Illuminate/Session/Store->loadSession()
#14 C:/xampp/htdocs/johnceniza/vendor/laravel/framework/src/Illuminate/Session/Middleware/StartSession.php(146): Illuminate/Session/Store->start()
#15 C:/xampp/htdocs/johnceniza/vendor/laravel/framework/src/Illuminate/Support/helpers.php(393): Illuminate/Session/Middleware/StartSession->Illuminate/Session/Middleware/{closure}(Object(Illuminate/Session/Store))
#16 C:/xampp/htdocs/johnceniza/vendor/laravel/framework/src/Illuminate/Session/Middleware/StartSession.php(143): tap(Object(Illuminate/Session/Store), Object(Closure))
#17 C:/xampp/htdocs/johnceniza/vendor/laravel/framework/src/Illuminate/Session/Middleware/StartSession.php(115): Illuminate/Session/Middleware/StartSession->startSession(Object(Illuminate/Http/Request), Object(Illuminate/Session/Store))
#18 C:/xampp/htdocs/johnceniza/vendor/laravel/framework/src/Illuminate/Session/Middleware/StartSession.php(63): Illuminate/Session/Middleware/StartSession->handleStatefulRequest(Object(Illuminate/Http/Request), Object(Illuminate/Session/Store), Object(Closure))
#19 C:/xampp/htdocs/johnceniza/vendor/laravel/framework/src/Illuminate/Pipeline/Pipeline.php(219): Illuminate/Session/Middleware/StartSession->handle(Object(Illuminate/Http/Request), Object(Closure))
#20 C:/xampp/htdocs/johnceniza/vendor/laravel/framework/src/Illuminate/Cookie/Middleware/AddQueuedCookiesToResponse.php(36): Illuminate/Pipeline/Pipeline->Illuminate/Pipeline/{closure}(Object(Illuminate/Http/Request))
#21 C:/xampp/htdocs/johnceniza/vendor/laravel/framework/src/Illuminate/Pipeline/Pipeline.php(219): Illuminate/Cookie/Middleware/AddQueuedCookiesToResponse->handle(Object(Illuminate/Http/Request), Object(Closure))
#22 C:/xampp/htdocs/johnceniza/vendor/laravel/framework/src/Illuminate/Cookie/Middleware/EncryptCookies.php(74): Illuminate/Pipeline/Pipeline->Illuminate/Pipeline/{closure}(Object(Illuminate/Http/Request))
#23 C:/xampp/htdocs/johnceniza/vendor/laravel/framework/src/Illuminate/Pipeline/Pipeline.php(219): Illuminate/Cookie/Middleware/EncryptCookies->handle(Object(Illuminate/Http/Request), Object(Closure))
#24 C:/xampp/htdocs/johnceniza/vendor/laravel/framework/src/Illuminate/Pipeline/Pipeline.php(137): Illuminate/Pipeline/Pipeline->Illuminate/Pipeline/{closure}(Object(Illuminate/Http/Request))
#25 C:/xampp/htdocs/johnceniza/vendor/laravel/framework/src/Illuminate/Routing/Router.php(821): Illuminate/Pipeline/Pipeline->then(Object(Closure))
#26 C:/xampp/htdocs/johnceniza/vendor/laravel/framework/src/Illuminate/Routing/Router.php(800): Illuminate/Routing/Router->runRouteWithinStack(Object(Illuminate/Routing/Route), Object(Illuminate/Http/Request))
#27 C:/xampp/htdocs/johnceniza/vendor/laravel/framework/src/Illuminate/Routing/Router.php(764): Illuminate/Routing/Router->runRoute(Object(Illuminate/Http/Request), Object(Illuminate/Routing/Route))
#28 C:/xampp/htdocs/johnceniza/vendor/laravel/framework/src/Illuminate/Routing/Router.php(753): Illuminate/Routing/Router->dispatchToRoute(Object(Illuminate/Http/Request))
#29 C:/xampp/htdocs/johnceniza/vendor/laravel/framework/src/Illuminate/Foundation/Http/Kernel.php(200): Illuminate/Routing/Router->dispatch(Object(Illuminate/Http/Request))
#30 C:/xampp/htdocs/johnceniza/vendor/laravel/framework/src/Illuminate/Pipeline/Pipeline.php(180): Illuminate/Foundation/Http/Kernel->Illuminate/Foundation/Http/{closure}(Object(Illuminate/Http/Request))
#31 C:/xampp/htdocs/johnceniza/vendor/laravel/framework/src/Illuminate/Foundation/Http/Middleware/TransformsRequest.php(21): Illuminate/Pipeline/Pipeline->Illuminate/Pipeline/{closure}(Object(Illuminate/Http/Request))
#32 C:/xampp/htdocs/johnceniza/vendor/laravel/framework/src/Illuminate/Foundation/Http/Middleware/ConvertEmptyStringsToNull.php(31): Illuminate/Foundation/Http/Middleware/TransformsRequest->handle(Object(Illuminate/Http/Request), Object(Closure))
#33 C:/xampp/htdocs/johnceniza/vendor/laravel/framework/src/Illuminate/Pipeline/Pipeline.php(219): Illuminate/Foundation/Http/Middleware/ConvertEmptyStringsToNull->handle(Object(Illuminate/Http/Request), Object(Closure))
#34 C:/xampp/htdocs/johnceniza/vendor/laravel/framework/src/Illuminate/Foundation/Http/Middleware/TransformsRequest.php(21): Illuminate/Pipeline/Pipeline->Illuminate/Pipeline/{closure}(Object(Illuminate/Http/Request))
#35 C:/xampp/htdocs/johnceniza/vendor/laravel/framework/src/Illuminate/Foundation/Http/Middleware/TrimStrings.php(51): Illuminate/Foundation/Http/Middleware/TransformsRequest->handle(Object(Illuminate/Http/Request), Object(Closure))
#36 C:/xampp/htdocs/johnceniza/vendor/laravel/framework/src/Illuminate/Pipeline/Pipeline.php(219): Illuminate/Foundation/Http/Middleware/TrimStrings->handle(Object(Illuminate/Http/Request), Object(Closure))
#37 C:/xampp/htdocs/johnceniza/vendor/laravel/framework/src/Illuminate/Http/Middleware/ValidatePostSize.php(27): Illuminate/Pipeline/Pipeline->Illuminate/Pipeline/{closure}(Object(Illuminate/Http/Request))
#38 C:/xampp/htdocs/johnceniza/vendor/laravel/framework/src/Illuminate/Pipeline/Pipeline.php(219): Illuminate/Http/Middleware/ValidatePostSize->handle(Object(Illuminate/Http/Request), Object(Closure))
#39 C:/xampp/htdocs/johnceniza/vendor/laravel/framework/src/Illuminate/Foundation/Http/Middleware/PreventRequestsDuringMaintenance.php(109): Illuminate/Pipeline/Pipeline->Illuminate/Pipeline/{closure}(Object(Illuminate/Http/Request))
#40 C:/xampp/htdocs/johnceniza/vendor/laravel/framework/src/Illuminate/Pipeline/Pipeline.php(219): Illuminate/Foundation/Http/Middleware/PreventRequestsDuringMaintenance->handle(Object(Illuminate/Http/Request), Object(Closure))
#41 C:/xampp/htdocs/johnceniza/vendor/laravel/framework/src/Illuminate/Http/Middleware/HandleCors.php(61): Illuminate/Pipeline/Pipeline->Illuminate/Pipeline/{closure}(Object(Illuminate/Http/Request))
#42 C:/xampp/htdocs/johnceniza/vendor/laravel/framework/src/Illuminate/Pipeline/Pipeline.php(219): Illuminate/Http/Middleware/HandleCors->handle(Object(Illuminate/Http/Request), Object(Closure))
#43 C:/xampp/htdocs/johnceniza/vendor/laravel/framework/src/Illuminate/Http/Middleware/TrustProxies.php(58): Illuminate/Pipeline/Pipeline->Illuminate/Pipeline/{closure}(Object(Illuminate/Http/Request))
#44 C:/xampp/htdocs/johnceniza/vendor/laravel/framework/src/Illuminate/Pipeline/Pipeline.php(219): Illuminate/Http/Middleware/TrustProxies->handle(Object(Illuminate/Http/Request), Object(Closure))
#45 C:/xampp/htdocs/johnceniza/vendor/laravel/framework/src/Illuminate/Foundation/Http/Middleware/InvokeDeferredCallbacks.php(22): Illuminate/Pipeline/Pipeline->Illuminate/Pipeline/{closure}(Object(Illuminate/Http/Request))
#46 C:/xampp/htdocs/johnceniza/vendor/laravel/framework/src/Illuminate/Pipeline/Pipeline.php(219): Illuminate/Foundation/Http/Middleware/InvokeDeferredCallbacks->handle(Object(Illuminate/Http/Request), Object(Closure))
#47 C:/xampp/htdocs/johnceniza/vendor/laravel/framework/src/Illuminate/Http/Middleware/ValidatePathEncoding.php(26): Illuminate/Pipeline/Pipeline->Illuminate/Pipeline/{closure}(Object(Illuminate/Http/Request))
#48 C:/xampp/htdocs/johnceniza/vendor/laravel/framework/src/Illuminate/Pipeline/Pipeline.php(219): Illuminate/Http/Middleware/ValidatePathEncoding->handle(Object(Illuminate/Http/Request), Object(Closure))
#49 C:/xampp/htdocs/johnceniza/vendor/laravel/framework/src/Illuminate/Pipeline/Pipeline.php(137): Illuminate/Pipeline/Pipeline->Illuminate/Pipeline/{closure}(Object(Illuminate/Http/Request))
#50 C:/xampp/htdocs/johnceniza/vendor/laravel/framework/src/Illuminate/Foundation/Http/Kernel.php(175): Illuminate/Pipeline/Pipeline->then(Object(Closure))
#51 C:/xampp/htdocs/johnceniza/vendor/laravel/framework/src/Illuminate/Foundation/Http/Kernel.php(144): Illuminate/Foundation/Http/Kernel->sendRequestThroughRouter(Object(Illuminate/Http/Request))
#52 C:/xampp/htdocs/johnceniza/vendor/laravel/framework/src/Illuminate/Foundation/Application.php(1220): Illuminate/Foundation/Http/Kernel->handle(Object(Illuminate/Http/Request))
#53 C:/xampp/htdocs/johnceniza/public/index.php(20): Illuminate/Foundation/Application->handleRequest(Object(Illuminate/Http/Request))
#54 C:/xampp/htdocs/johnceniza/vendor/laravel/framework/src/Illuminate/Foundation/resources/server.php(23): require_once('C://xampp//htdocs...')
#55 {main}
"} 
[2026-09-24 17:12:45] local.ERROR: SQLSTATE[42S02]: Base table or view not found: 1146 Table 'laravel.sessions' doesn't exist (Connection: mysql, Host: 127.0.0.1, Port: 3306, Database: laravel, SQL: select * from `sessions` where `id` = 3Fbc4OJqxqHfVc8ykpTr4SZfVfxNDlMzU8U6oDTZ limit 1) {"exception":"[object] (Illuminate\\Database\\QueryException(code: 42S02): SQLSTATE[42S02]: Base table or view not found: 1146 Table 'laravel.sessions' doesn't exist (Connection: mysql, Host: 127.0.0.1, Port: 3306, Database: laravel, SQL: select * from `sessions` where `id` = 3Fbc4OJqxqHfVc8ykpTr4SZfVfxNDlMzU8U6oDTZ limit 1) at C:/xampp/htdocs/johnceniza/vendor/laravel/framework/src/Illuminate/Database/Connection.php:838)
[stacktrace]
#0 C:/xampp/htdocs/johnceniza/vendor/laravel/framework/src/Illuminate/Database/Connection.php(794): Illuminate/Database/Connection->runQueryCallback('select * from `...', Array, Object(Closure))
#1 C:/xampp/htdocs/johnceniza/vendor/laravel/framework/src/Illuminate/Database/Connection.php(411): Illuminate/Database/Connection->run('select * from `...', Array, Object(Closure))
#2 C:/xampp/htdocs/johnceniza/vendor/laravel/framework/src/Illuminate/Database/Query/Builder.php(3505): Illuminate/Database/Connection->select('select * from `...', Array, false)
#3 C:/xampp/htdocs/johnceniza/vendor/laravel/framework/src/Illuminate/Database/Query/Builder.php(3490): Illuminate/Database/Query/Builder->runSelect()
#4 C:/xampp/htdocs/johnceniza/vendor/laravel/framework/src/Illuminate/Database/Query/Builder.php(4080): Illuminate/Database/Query/Builder->Illuminate/Database/Query/{closure}()
#5 C:/xampp/htdocs/johnceniza/vendor/laravel/framework/src/Illuminate/Database/Query/Builder.php(3489): Illuminate/Database/Query/Builder->onceWithColumns(Array, Object(Closure))
#6 C:/xampp/htdocs/johnceniza/vendor/laravel/framework/src/Illuminate/Database/Concerns/BuildsQueries.php(366): Illuminate/Database/Query/Builder->get(Array)
#7 C:/xampp/htdocs/johnceniza/vendor/laravel/framework/src/Illuminate/Database/Query/Builder.php(3412): Illuminate/Database/Query/Builder->first(Array)
#8 C:/xampp/htdocs/johnceniza/vendor/laravel/framework/src/Illuminate/Session/DatabaseSessionHandler.php(96): Illuminate/Database/Query/Builder->find('3Fbc4OJqxqHfVc8...')
#9 C:/xampp/htdocs/johnceniza/vendor/laravel/framework/src/Illuminate/Session/Store.php(128): Illuminate/Session/DatabaseSessionHandler->read('3Fbc4OJqxqHfVc8...')
#10 C:/xampp/htdocs/johnceniza/vendor/laravel/framework/src/Illuminate/Session/Store.php(116): Illuminate/Session/Store->readFromHandler()
#11 C:/xampp/htdocs/johnceniza/vendor/laravel/framework/src/Illuminate/Session/Store.php(100): Illuminate/Session/Store->loadSession()
#12 C:/xampp/htdocs/johnceniza/vendor/laravel/framework/src/Illuminate/Session/Middleware/StartSession.php(146): Illuminate/Session/Store->start()
#13 C:/xampp/htdocs/johnceniza/vendor/laravel/framework/src/Illuminate/Support/helpers.php(393): Illuminate/Session/Middleware/StartSession->Illuminate/Session/Middleware/{closure}(Object(Illuminate/Session/Store))
#14 C:/xampp/htdocs/johnceniza/vendor/laravel/framework/src/Illuminate/Session/Middleware/StartSession.php(143): tap(Object(Illuminate/Session/Store), Object(Closure))
#15 C:/xampp/htdocs/johnceniza/vendor/laravel/framework/src/Illuminate/Session/Middleware/StartSession.php(115): Illuminate/Session/Middleware/StartSession->startSession(Object(Illuminate/Http/Request), Object(Illuminate/Session/Store))
#16 C:/xampp/htdocs/johnceniza/vendor/laravel/framework/src/Illuminate/Session/Middleware/StartSession.php(63): Illuminate/Session/Middleware/StartSession->handleStatefulRequest(Object(Illuminate/Http/Request), Object(Illuminate/Session/Store), Object(Closure))
#17 C:/xampp/htdocs/johnceniza/vendor/laravel/framework/src/Illuminate/Pipeline/Pipeline.php(219): Illuminate/Session/Middleware/StartSession->handle(Object(Illuminate/Http/Request), Object(Closure))
#18 C:/xampp/htdocs/johnceniza/vendor/laravel/framework/src/Illuminate/Cookie/Middleware/AddQueuedCookiesToResponse.php(36): Illuminate/Pipeline/Pipeline->Illuminate/Pipeline/{closure}(Object(Illuminate/Http/Request))
#19 C:/xampp/htdocs/johnceniza/vendor/laravel/framework/src/Illuminate/Pipeline/Pipeline.php(219): Illuminate/Cookie/Middleware/AddQueuedCookiesToResponse->handle(Object(Illuminate/Http/Request), Object(Closure))
#20 C:/xampp/htdocs/johnceniza/vendor/laravel/framework/src/Illuminate/Cookie/Middleware/EncryptCookies.php(74): Illuminate/Pipeline/Pipeline->Illuminate/Pipeline/{closure}(Object(Illuminate/Http/Request))
#21 C:/xampp/htdocs/johnceniza/vendor/laravel/framework/src/Illuminate/Pipeline/Pipeline.php(219): Illuminate/Cookie/Middleware/EncryptCookies->handle(Object(Illuminate/Http/Request), Object(Closure))
#22 C:/xampp/htdocs/johnceniza/vendor/laravel/framework/src/Illuminate/Pipeline/Pipeline.php(137): Illuminate/Pipeline/Pipeline->Illuminate/Pipeline/{closure}(Object(Illuminate/Http/Request))
#23 C:/xampp/htdocs/johnceniza/vendor/laravel/framework/src/Illuminate/Routing/Router.php(821): Illuminate/Pipeline/Pipeline->then(Object(Closure))
#24 C:/xampp/htdocs/johnceniza/vendor/laravel/framework/src/Illuminate/Routing/Router.php(800): Illuminate/Routing/Router->runRouteWithinStack(Object(Illuminate/Routing/Route), Object(Illuminate/Http/Request))
#25 C:/xampp/htdocs/johnceniza/vendor/laravel/framework/src/Illuminate/Routing/Router.php(764): Illuminate/Routing/Router->runRoute(Object(Illuminate/Http/Request), Object(Illuminate/Routing/Route))
#26 C:/xampp/htdocs/johnceniza/vendor/laravel/framework/src/Illuminate/Routing/Router.php(753): Illuminate/Routing/Router->dispatchToRoute(Object(Illuminate/Http/Request))
#27 C:/xampp/htdocs/johnceniza/vendor/laravel/framework/src/Illuminate/Foundation/Http/Kernel.php(200): Illuminate/Routing/Router->dispatch(Object(Illuminate/Http/Request))
#28 C:/xampp/htdocs/johnceniza/vendor/laravel/framework/src/Illuminate/Pipeline/Pipeline.php(180): Illuminate/Foundation/Http/Kernel->Illuminate/Foundation/Http/{closure}(Object(Illuminate/Http/Request))
#29 C:/xampp/htdocs/johnceniza/vendor/laravel/framework/src/Illuminate/Foundation/Http/Middleware/TransformsRequest.php(21): Illuminate/Pipeline/Pipeline->Illuminate/Pipeline/{closure}(Object(Illuminate/Http/Request))
#30 C:/xampp/htdocs/johnceniza/vendor/laravel/framework/src/Illuminate/Foundation/Http/Middleware/ConvertEmptyStringsToNull.php(31): Illuminate/Foundation/Http/Middleware/TransformsRequest->handle(Object(Illuminate/Http/Request), Object(Closure))
#31 C:/xampp/htdocs/johnceniza/vendor/laravel/framework/src/Illuminate/Pipeline/Pipeline.php(219): Illuminate/Foundation/Http/Middleware/ConvertEmptyStringsToNull->handle(Object(Illuminate/Http/Request), Object(Closure))
#32 C:/xampp/htdocs/johnceniza/vendor/laravel/framework/src/Illuminate/Foundation/Http/Middleware/TransformsRequest.php(21): Illuminate/Pipeline/Pipeline->Illuminate/Pipeline/{closure}(Object(Illuminate/Http/Request))
#33 C:/xampp/htdocs/johnceniza/vendor/laravel/framework/src/Illuminate/Foundation/Http/Middleware/TrimStrings.php(51): Illuminate/Foundation/Http/Middleware/TransformsRequest->handle(Object(Illuminate/Http/Request), Object(Closure))
#34 C:/xampp/htdocs/johnceniza/vendor/laravel/framework/src/Illuminate/Pipeline/Pipeline.php(219): Illuminate/Foundation/Http/Middleware/TrimStrings->handle(Object(Illuminate/Http/Request), Object(Closure))
#35 C:/xampp/htdocs/johnceniza/vendor/laravel/framework/src/Illuminate/Http/Middleware/ValidatePostSize.php(27): Illuminate/Pipeline/Pipeline->Illuminate/Pipeline/{closure}(Object(Illuminate/Http/Request))
#36 C:/xampp/htdocs/johnceniza/vendor/laravel/framework/src/Illuminate/Pipeline/Pipeline.php(219): Illuminate/Http/Middleware/ValidatePostSize->handle(Object(Illuminate/Http/Request), Object(Closure))
#37 C:/xampp/htdocs/johnceniza/vendor/laravel/framework/src/Illuminate/Foundation/Http/Middleware/PreventRequestsDuringMaintenance.php(109): Illuminate/Pipeline/Pipeline->Illuminate/Pipeline/{closure}(Object(Illuminate/Http/Request))
#38 C:/xampp/htdocs/johnceniza/vendor/laravel/framework/src/Illuminate/Pipeline/Pipeline.php(219): Illuminate/Foundation/Http/Middleware/PreventRequestsDuringMaintenance->handle(Object(Illuminate/Http/Request), Object(Closure))
#39 C:/xampp/htdocs/johnceniza/vendor/laravel/framework/src/Illuminate/Http/Middleware/HandleCors.php(61): Illuminate/Pipeline/Pipeline->Illuminate/Pipeline/{closure}(Object(Illuminate/Http/Request))
#40 C:/xampp/htdocs/johnceniza/vendor/laravel/framework/src/Illuminate/Pipeline/Pipeline.php(219): Illuminate/Http/Middleware/HandleCors->handle(Object(Illuminate/Http/Request), Object(Closure))
#41 C:/xampp/htdocs/johnceniza/vendor/laravel/framework/src/Illuminate/Http/Middleware/TrustProxies.php(58): Illuminate/Pipeline/Pipeline->Illuminate/Pipeline/{closure}(Object(Illuminate/Http/Request))
#42 C:/xampp/htdocs/johnceniza/vendor/laravel/framework/src/Illuminate/Pipeline/Pipeline.php(219): Illuminate/Http/Middleware/TrustProxies->handle(Object(Illuminate/Http/Request), Object(Closure))
#43 C:/xampp/htdocs/johnceniza/vendor/laravel/framework/src/Illuminate/Foundation/Http/Middleware/InvokeDeferredCallbacks.php(22): Illuminate/Pipeline/Pipeline->Illuminate/Pipeline/{closure}(Object(Illuminate/Http/Request))
#44 C:/xampp/htdocs/johnceniza/vendor/laravel/framework/src/Illuminate/Pipeline/Pipeline.php(219): Illuminate/Foundation/Http/Middleware/InvokeDeferredCallbacks->handle(Object(Illuminate/Http/Request), Object(Closure))
#45 C:/xampp/htdocs/johnceniza/vendor/laravel/framework/src/Illuminate/Http/Middleware/ValidatePathEncoding.php(26): Illuminate/Pipeline/Pipeline->Illuminate/Pipeline/{closure}(Object(Illuminate/Http/Request))
#46 C:/xampp/htdocs/johnceniza/vendor/laravel/framework/src/Illuminate/Pipeline/Pipeline.php(219): Illuminate/Http/Middleware/ValidatePathEncoding->handle(Object(Illuminate/Http/Request), Object(Closure))
#47 C:/xampp/htdocs/johnceniza/vendor/laravel/framework/src/Illuminate/Pipeline/Pipeline.php(137): Illuminate/Pipeline/Pipeline->Illuminate/Pipeline/{closure}(Object(Illuminate/Http/Request))
#48 C:/xampp/htdocs/johnceniza/vendor/laravel/framework/src/Illuminate/Foundation/Http/Kernel.php(175): Illuminate/Pipeline/Pipeline->then(Object(Closure))
#49 C:/xampp/htdocs/johnceniza/vendor/laravel/framework/src/Illuminate/Foundation/Http/Kernel.php(144): Illuminate/Foundation/Http/Kernel->sendRequestThroughRouter(Object(Illuminate/Http/Request))
#50 C:/xampp/htdocs/johnceniza/vendor/laravel/framework/src/Illuminate/Foundation/Application.php(1220): Illuminate/Foundation/Http/Kernel->handle(Object(Illuminate/Http/Request))
#51 C:/xampp/htdocs/johnceniza/public/index.php(20): Illuminate/Foundation/Application->handleRequest(Object(Illuminate/Http/Request))
#52 C:/xampp/htdocs/johnceniza/vendor/laravel/framework/src/Illuminate/Foundation/resources/server.php(23): require_once('C://xampp//htdocs...')
#53 {main}

[previous exception] [object] (PDOException(code: 42S02): SQLSTATE[42S02]: Base table or view not found: 1146 Table 'laravel.sessions' doesn't exist at C:/xampp/htdocs/johnceniza/vendor/laravel/framework/src/Illuminate/Database/Connection.php:420)
[stacktrace]
#0 C:/xampp/htdocs/johnceniza/vendor/laravel/framework/src/Illuminate/Database/Connection.php(420): PDO->prepare('select * from `...')
#1 C:/xampp/htdocs/johnceniza/vendor/laravel/framework/src/Illuminate/Database/Connection.php(827): Illuminate/Database/Connection->Illuminate/Database/{closure}('select * from `...', Array)
#2 C:/xampp/htdocs/johnceniza/vendor/laravel/framework/src/Illuminate/Database/Connection.php(794): Illuminate/Database/Connection->runQueryCallback('select * from `...', Array, Object(Closure))
#3 C:/xampp/htdocs/johnceniza/vendor/laravel/framework/src/Illuminate/Database/Connection.php(411): Illuminate/Database/Connection->run('select * from `...', Array, Object(Closure))
#4 C:/xampp/htdocs/johnceniza/vendor/laravel/framework/src/Illuminate/Database/Query/Builder.php(3505): Illuminate/Database/Connection->select('select * from `...', Array, false)
#5 C:/xampp/htdocs/johnceniza/vendor/laravel/framework/src/Illuminate/Database/Query/Builder.php(3490): Illuminate/Database/Query/Builder->runSelect()
#6 C:/xampp/htdocs/johnceniza/vendor/laravel/framework/src/Illuminate/Database/Query/Builder.php(4080): Illuminate/Database/Query/Builder->Illuminate/Database/Query/{closure}()
#7 C:/xampp/htdocs/johnceniza/vendor/laravel/framework/src/Illuminate/Database/Query/Builder.php(3489): Illuminate/Database/Query/Builder->onceWithColumns(Array, Object(Closure))
#8 C:/xampp/htdocs/johnceniza/vendor/laravel/framework/src/Illuminate/Database/Concerns/BuildsQueries.php(366): Illuminate/Database/Query/Builder->get(Array)
#9 C:/xampp/htdocs/johnceniza/vendor/laravel/framework/src/Illuminate/Database/Query/Builder.php(3412): Illuminate/Database/Query/Builder->first(Array)
#10 C:/xampp/htdocs/johnceniza/vendor/laravel/framework/src/Illuminate/Session/DatabaseSessionHandler.php(96): Illuminate/Database/Query/Builder->find('3Fbc4OJqxqHfVc8...')
#11 C:/xampp/htdocs/johnceniza/vendor/laravel/framework/src/Illuminate/Session/Store.php(128): Illuminate/Session/DatabaseSessionHandler->read('3Fbc4OJqxqHfVc8...')
#12 C:/xampp/htdocs/johnceniza/vendor/laravel/framework/src/Illuminate/Session/Store.php(116): Illuminate/Session/Store->readFromHandler()
#13 C:/xampp/htdocs/johnceniza/vendor/laravel/framework/src/Illuminate/Session/Store.php(100): Illuminate/Session/Store->loadSession()
#14 C:/xampp/htdocs/johnceniza/vendor/laravel/framework/src/Illuminate/Session/Middleware/StartSession.php(146): Illuminate/Session/Store->start()
#15 C:/xampp/htdocs/johnceniza/vendor/laravel/framework/src/Illuminate/Support/helpers.php(393): Illuminate/Session/Middleware/StartSession->Illuminate/Session/Middleware/{closure}(Object(Illuminate/Session/Store))
#16 C:/xampp/htdocs/johnceniza/vendor/laravel/framework/src/Illuminate/Session/Middleware/StartSession.php(143): tap(Object(Illuminate/Session/Store), Object(Closure))
#17 C:/xampp/htdocs/johnceniza/vendor/laravel/framework/src/Illuminate/Session/Middleware/StartSession.php(115): Illuminate/Session/Middleware/StartSession->startSession(Object(Illuminate/Http/Request), Object(Illuminate/Session/Store))
#18 C:/xampp/htdocs/johnceniza/vendor/laravel/framework/src/Illuminate/Session/Middleware/StartSession.php(63): Illuminate/Session/Middleware/StartSession->handleStatefulRequest(Object(Illuminate/Http/Request), Object(Illuminate/Session/Store), Object(Closure))
#19 C:/xampp/htdocs/johnceniza/vendor/laravel/framework/src/Illuminate/Pipeline/Pipeline.php(219): Illuminate/Session/Middleware/StartSession->handle(Object(Illuminate/Http/Request), Object(Closure))
#20 C:/xampp/htdocs/johnceniza/vendor/laravel/framework/src/Illuminate/Cookie/Middleware/AddQueuedCookiesToResponse.php(36): Illuminate/Pipeline/Pipeline->Illuminate/Pipeline/{closure}(Object(Illuminate/Http/Request))
#21 C:/xampp/htdocs/johnceniza/vendor/laravel/framework/src/Illuminate/Pipeline/Pipeline.php(219): Illuminate/Cookie/Middleware/AddQueuedCookiesToResponse->handle(Object(Illuminate/Http/Request), Object(Closure))
#22 C:/xampp/htdocs/johnceniza/vendor/laravel/framework/src/Illuminate/Cookie/Middleware/EncryptCookies.php(74): Illuminate/Pipeline/Pipeline->Illuminate/Pipeline/{closure}(Object(Illuminate/Http/Request))
#23 C:/xampp/htdocs/johnceniza/vendor/laravel/framework/src/Illuminate/Pipeline/Pipeline.php(219): Illuminate/Cookie/Middleware/EncryptCookies->handle(Object(Illuminate/Http/Request), Object(Closure))
#24 C:/xampp/htdocs/johnceniza/vendor/laravel/framework/src/Illuminate/Pipeline/Pipeline.php(137): Illuminate/Pipeline/Pipeline->Illuminate/Pipeline/{closure}(Object(Illuminate/Http/Request))
#25 C:/xampp/htdocs/johnceniza/vendor/laravel/framework/src/Illuminate/Routing/Router.php(821): Illuminate/Pipeline/Pipeline->then(Object(Closure))
#26 C:/xampp/htdocs/johnceniza/vendor/laravel/framework/src/Illuminate/Routing/Router.php(800): Illuminate/Routing/Router->runRouteWithinStack(Object(Illuminate/Routing/Route), Object(Illuminate/Http/Request))
#27 C:/xampp/htdocs/johnceniza/vendor/laravel/framework/src/Illuminate/Routing/Router.php(764): Illuminate/Routing/Router->runRoute(Object(Illuminate/Http/Request), Object(Illuminate/Routing/Route))
#28 C:/xampp/htdocs/johnceniza/vendor/laravel/framework/src/Illuminate/Routing/Router.php(753): Illuminate/Routing/Router->dispatchToRoute(Object(Illuminate/Http/Request))
#29 C:/xampp/htdocs/johnceniza/vendor/laravel/framework/src/Illuminate/Foundation/Http/Kernel.php(200): Illuminate/Routing/Router->dispatch(Object(Illuminate/Http/Request))
#30 C:/xampp/htdocs/johnceniza/vendor/laravel/framework/src/Illuminate/Pipeline/Pipeline.php(180): Illuminate/Foundation/Http/Kernel->Illuminate/Foundation/Http/{closure}(Object(Illuminate/Http/Request))
#31 C:/xampp/htdocs/johnceniza/vendor/laravel/framework/src/Illuminate/Foundation/Http/Middleware/TransformsRequest.php(21): Illuminate/Pipeline/Pipeline->Illuminate/Pipeline/{closure}(Object(Illuminate/Http/Request))
#32 C:/xampp/htdocs/johnceniza/vendor/laravel/framework/src/Illuminate/Foundation/Http/Middleware/ConvertEmptyStringsToNull.php(31): Illuminate/Foundation/Http/Middleware/TransformsRequest->handle(Object(Illuminate/Http/Request), Object(Closure))
#33 C:/xampp/htdocs/johnceniza/vendor/laravel/framework/src/Illuminate/Pipeline/Pipeline.php(219): Illuminate/Foundation/Http/Middleware/ConvertEmptyStringsToNull->handle(Object(Illuminate/Http/Request), Object(Closure))
#34 C:/xampp/htdocs/johnceniza/vendor/laravel/framework/src/Illuminate/Foundation/Http/Middleware/TransformsRequest.php(21): Illuminate/Pipeline/Pipeline->Illuminate/Pipeline/{closure}(Object(Illuminate/Http/Request))
#35 C:/xampp/htdocs/johnceniza/vendor/laravel/framework/src/Illuminate/Foundation/Http/Middleware/TrimStrings.php(51): Illuminate/Foundation/Http/Middleware/TransformsRequest->handle(Object(Illuminate/Http/Request), Object(Closure))
#36 C:/xampp/htdocs/johnceniza/vendor/laravel/framework/src/Illuminate/Pipeline/Pipeline.php(219): Illuminate/Foundation/Http/Middleware/TrimStrings->handle(Object(Illuminate/Http/Request), Object(Closure))
#37 C:/xampp/htdocs/johnceniza/vendor/laravel/framework/src/Illuminate/Http/Middleware/ValidatePostSize.php(27): Illuminate/Pipeline/Pipeline->Illuminate/Pipeline/{closure}(Object(Illuminate/Http/Request))
#38 C:/xampp/htdocs/johnceniza/vendor/laravel/framework/src/Illuminate/Pipeline/Pipeline.php(219): Illuminate/Http/Middleware/ValidatePostSize->handle(Object(Illuminate/Http/Request), Object(Closure))
#39 C:/xampp/htdocs/johnceniza/vendor/laravel/framework/src/Illuminate/Foundation/Http/Middleware/PreventRequestsDuringMaintenance.php(109): Illuminate/Pipeline/Pipeline->Illuminate/Pipeline/{closure}(Object(Illuminate/Http/Request))
#40 C:/xampp/htdocs/johnceniza/vendor/laravel/framework/src/Illuminate/Pipeline/Pipeline.php(219): Illuminate/Foundation/Http/Middleware/PreventRequestsDuringMaintenance->handle(Object(Illuminate/Http/Request), Object(Closure))
#41 C:/xampp/htdocs/johnceniza/vendor/laravel/framework/src/Illuminate/Http/Middleware/HandleCors.php(61): Illuminate/Pipeline/Pipeline->Illuminate/Pipeline/{closure}(Object(Illuminate/Http/Request))
#42 C:/xampp/htdocs/johnceniza/vendor/laravel/framework/src/Illuminate/Pipeline/Pipeline.php(219): Illuminate/Http/Middleware/HandleCors->handle(Object(Illuminate/Http/Request), Object(Closure))
#43 C:/xampp/htdocs/johnceniza/vendor/laravel/framework/src/Illuminate/Http/Middleware/TrustProxies.php(58): Illuminate/Pipeline/Pipeline->Illuminate/Pipeline/{closure}(Object(Illuminate/Http/Request))
#44 C:/xampp/htdocs/johnceniza/vendor/laravel/framework/src/Illuminate/Pipeline/Pipeline.php(219): Illuminate/Http/Middleware/TrustProxies->handle(Object(Illuminate/Http/Request), Object(Closure))
#45 C:/xampp/htdocs/johnceniza/vendor/laravel/framework/src/Illuminate/Foundation/Http/Middleware/InvokeDeferredCallbacks.php(22): Illuminate/Pipeline/Pipeline->Illuminate/Pipeline/{closure}(Object(Illuminate/Http/Request))
#46 C:/xampp/htdocs/johnceniza/vendor/laravel/framework/src/Illuminate/Pipeline/Pipeline.php(219): Illuminate/Foundation/Http/Middleware/InvokeDeferredCallbacks->handle(Object(Illuminate/Http/Request), Object(Closure))
#47 C:/xampp/htdocs/johnceniza/vendor/laravel/framework/src/Illuminate/Http/Middleware/ValidatePathEncoding.php(26): Illuminate/Pipeline/Pipeline->Illuminate/Pipeline/{closure}(Object(Illuminate/Http/Request))
#48 C:/xampp/htdocs/johnceniza/vendor/laravel/framework/src/Illuminate/Pipeline/Pipeline.php(219): Illuminate/Http/Middleware/ValidatePathEncoding->handle(Object(Illuminate/Http/Request), Object(Closure))
#49 C:/xampp/htdocs/johnceniza/vendor/laravel/framework/src/Illuminate/Pipeline/Pipeline.php(137): Illuminate/Pipeline/Pipeline->Illuminate/Pipeline/{closure}(Object(Illuminate/Http/Request))
#50 C:/xampp/htdocs/johnceniza/vendor/laravel/framework/src/Illuminate/Foundation/Http/Kernel.php(175): Illuminate/Pipeline/Pipeline->then(Object(Closure))
#51 C:/xampp/htdocs/johnceniza/vendor/laravel/framework/src/Illuminate/Foundation/Http/Kernel.php(144): Illuminate/Foundation/Http/Kernel->sendRequestThroughRouter(Object(Illuminate/Http/Request))
#52 C:/xampp/htdocs/johnceniza/vendor/laravel/framework/src/Illuminate/Foundation/Application.php(1220): Illuminate/Foundation/Http/Kernel->handle(Object(Illuminate/Http/Request))
#53 C:/xampp/htdocs/johnceniza/public/index.php(20): Illuminate/Foundation/Application->handleRequest(Object(Illuminate/Http/Request))
#54 C:/xampp/htdocs/johnceniza/vendor/laravel/framework/src/Illuminate/Foundation/resources/server.php(23): require_once('C://xampp//htdocs...')
#55 {main}
"} 
[2026-09-24 17:23:06] local.ERROR: Route [task.index] not defined. {"exception":"[object] (Symfony\\Component\\Routing\\Exception\\RouteNotFoundException(code: 0): Route [task.index] not defined. at C:/xampp/htdocs/johnceniza/vendor/laravel/framework/src/Illuminate/Routing/UrlGenerator.php:536)
[stacktrace]
#0 C:/xampp/htdocs/johnceniza/vendor/laravel/framework/src/Illuminate/Routing/Redirector.php(153): Illuminate/Routing/UrlGenerator->route('task.index', Array)
#1 C:/xampp/htdocs/johnceniza/app/Http/Controllers/TaskController.php(104): Illuminate/Routing/Redirector->route('task.index')
#2 C:/xampp/htdocs/johnceniza/vendor/laravel/framework/src/Illuminate/Routing/ControllerDispatcher.php(46): App/Http/Controllers/TaskController->toggle(Object(App/Models/Task))
#3 C:/xampp/htdocs/johnceniza/vendor/laravel/framework/src/Illuminate/Routing/Route.php(265): Illuminate/Routing/ControllerDispatcher->dispatch(Object(Illuminate/Routing/Route), Object(App/Http/Controllers/TaskController), 'toggle')
#4 C:/xampp/htdocs/johnceniza/vendor/laravel/framework/src/Illuminate/Routing/Route.php(211): Illuminate/Routing/Route->runController()
#5 C:/xampp/htdocs/johnceniza/vendor/laravel/framework/src/Illuminate/Routing/Router.php(822): Illuminate/Routing/Route->run()
#6 C:/xampp/htdocs/johnceniza/vendor/laravel/framework/src/Illuminate/Pipeline/Pipeline.php(180): Illuminate/Routing/Router->Illuminate/Routing/{closure}(Object(Illuminate/Http/Request))
#7 C:/xampp/htdocs/johnceniza/vendor/laravel/framework/src/Illuminate/Routing/Middleware/SubstituteBindings.php(50): Illuminate/Pipeline/Pipeline->Illuminate/Pipeline/{closure}(Object(Illuminate/Http/Request))
#8 C:/xampp/htdocs/johnceniza/vendor/laravel/framework/src/Illuminate/Pipeline/Pipeline.php(219): Illuminate/Routing/Middleware/SubstituteBindings->handle(Object(Illuminate/Http/Request), Object(Closure))
#9 C:/xampp/htdocs/johnceniza/vendor/laravel/framework/src/Illuminate/Foundation/Http/Middleware/VerifyCsrfToken.php(87): Illuminate/Pipeline/Pipeline->Illuminate/Pipeline/{closure}(Object(Illuminate/Http/Request))
#10 C:/xampp/htdocs/johnceniza/vendor/laravel/framework/src/Illuminate/Pipeline/Pipeline.php(219): Illuminate/Foundation/Http/Middleware/VerifyCsrfToken->handle(Object(Illuminate/Http/Request), Object(Closure))
#11 C:/xampp/htdocs/johnceniza/vendor/laravel/framework/src/Illuminate/View/Middleware/ShareErrorsFromSession.php(48): Illuminate/Pipeline/Pipeline->Illuminate/Pipeline/{closure}(Object(Illuminate/Http/Request))
#12 C:/xampp/htdocs/johnceniza/vendor/laravel/framework/src/Illuminate/Pipeline/Pipeline.php(219): Illuminate/View/Middleware/ShareErrorsFromSession->handle(Object(Illuminate/Http/Request), Object(Closure))
#13 C:/xampp/htdocs/johnceniza/vendor/laravel/framework/src/Illuminate/Session/Middleware/StartSession.php(120): Illuminate/Pipeline/Pipeline->Illuminate/Pipeline/{closure}(Object(Illuminate/Http/Request))
#14 C:/xampp/htdocs/johnceniza/vendor/laravel/framework/src/Illuminate/Session/Middleware/StartSession.php(63): Illuminate/Session/Middleware/StartSession->handleStatefulRequest(Object(Illuminate/Http/Request), Object(Illuminate/Session/Store), Object(Closure))
#15 C:/xampp/htdocs/johnceniza/vendor/laravel/framework/src/Illuminate/Pipeline/Pipeline.php(219): Illuminate/Session/Middleware/StartSession->handle(Object(Illuminate/Http/Request), Object(Closure))
#16 C:/xampp/htdocs/johnceniza/vendor/laravel/framework/src/Illuminate/Cookie/Middleware/AddQueuedCookiesToResponse.php(36): Illuminate/Pipeline/Pipeline->Illuminate/Pipeline/{closure}(Object(Illuminate/Http/Request))
#17 C:/xampp/htdocs/johnceniza/vendor/laravel/framework/src/Illuminate/Pipeline/Pipeline.php(219): Illuminate/Cookie/Middleware/AddQueuedCookiesToResponse->handle(Object(Illuminate/Http/Request), Object(Closure))
#18 C:/xampp/htdocs/johnceniza/vendor/laravel/framework/src/Illuminate/Cookie/Middleware/EncryptCookies.php(74): Illuminate/Pipeline/Pipeline->Illuminate/Pipeline/{closure}(Object(Illuminate/Http/Request))
#19 C:/xampp/htdocs/johnceniza/vendor/laravel/framework/src/Illuminate/Pipeline/Pipeline.php(219): Illuminate/Cookie/Middleware/EncryptCookies->handle(Object(Illuminate/Http/Request), Object(Closure))
#20 C:/xampp/htdocs/johnceniza/vendor/laravel/framework/src/Illuminate/Pipeline/Pipeline.php(137): Illuminate/Pipeline/Pipeline->Illuminate/Pipeline/{closure}(Object(Illuminate/Http/Request))
#21 C:/xampp/htdocs/johnceniza/vendor/laravel/framework/src/Illuminate/Routing/Router.php(821): Illuminate/Pipeline/Pipeline->then(Object(Closure))
#22 C:/xampp/htdocs/johnceniza/vendor/laravel/framework/src/Illuminate/Routing/Router.php(800): Illuminate/Routing/Router->runRouteWithinStack(Object(Illuminate/Routing/Route), Object(Illuminate/Http/Request))
#23 C:/xampp/htdocs/johnceniza/vendor/laravel/framework/src/Illuminate/Routing/Router.php(764): Illuminate/Routing/Router->runRoute(Object(Illuminate/Http/Request), Object(Illuminate/Routing/Route))
#24 C:/xampp/htdocs/johnceniza/vendor/laravel/framework/src/Illuminate/Routing/Router.php(753): Illuminate/Routing/Router->dispatchToRoute(Object(Illuminate/Http/Request))
#25 C:/xampp/htdocs/johnceniza/vendor/laravel/framework/src/Illuminate/Foundation/Http/Kernel.php(200): Illuminate/Routing/Router->dispatch(Object(Illuminate/Http/Request))
#26 C:/xampp/htdocs/johnceniza/vendor/laravel/framework/src/Illuminate/Pipeline/Pipeline.php(180): Illuminate/Foundation/Http/Kernel->Illuminate/Foundation/Http/{closure}(Object(Illuminate/Http/Request))
#27 C:/xampp/htdocs/johnceniza/vendor/laravel/framework/src/Illuminate/Foundation/Http/Middleware/TransformsRequest.php(21): Illuminate/Pipeline/Pipeline->Illuminate/Pipeline/{closure}(Object(Illuminate/Http/Request))
#28 C:/xampp/htdocs/johnceniza/vendor/laravel/framework/src/Illuminate/Foundation/Http/Middleware/ConvertEmptyStringsToNull.php(31): Illuminate/Foundation/Http/Middleware/TransformsRequest->handle(Object(Illuminate/Http/Request), Object(Closure))
#29 C:/xampp/htdocs/johnceniza/vendor/laravel/framework/src/Illuminate/Pipeline/Pipeline.php(219): Illuminate/Foundation/Http/Middleware/ConvertEmptyStringsToNull->handle(Object(Illuminate/Http/Request), Object(Closure))
#30 C:/xampp/htdocs/johnceniza/vendor/laravel/framework/src/Illuminate/Foundation/Http/Middleware/TransformsRequest.php(21): Illuminate/Pipeline/Pipeline->Illuminate/Pipeline/{closure}(Object(Illuminate/Http/Request))
#31 C:/xampp/htdocs/johnceniza/vendor/laravel/framework/src/Illuminate/Foundation/Http/Middleware/TrimStrings.php(51): Illuminate/Foundation/Http/Middleware/TransformsRequest->handle(Object(Illuminate/Http/Request), Object(Closure))
#32 C:/xampp/htdocs/johnceniza/vendor/laravel/framework/src/Illuminate/Pipeline/Pipeline.php(219): Illuminate/Foundation/Http/Middleware/TrimStrings->handle(Object(Illuminate/Http/Request), Object(Closure))
#33 C:/xampp/htdocs/johnceniza/vendor/laravel/framework/src/Illuminate/Http/Middleware/ValidatePostSize.php(27): Illuminate/Pipeline/Pipeline->Illuminate/Pipeline/{closure}(Object(Illuminate/Http/Request))
#34 C:/xampp/htdocs/johnceniza/vendor/laravel/framework/src/Illuminate/Pipeline/Pipeline.php(219): Illuminate/Http/Middleware/ValidatePostSize->handle(Object(Illuminate/Http/Request), Object(Closure))
#35 C:/xampp/htdocs/johnceniza/vendor/laravel/framework/src/Illuminate/Foundation/Http/Middleware/PreventRequestsDuringMaintenance.php(109): Illuminate/Pipeline/Pipeline->Illuminate/Pipeline/{closure}(Object(Illuminate/Http/Request))
#36 C:/xampp/htdocs/johnceniza/vendor/laravel/framework/src/Illuminate/Pipeline/Pipeline.php(219): Illuminate/Foundation/Http/Middleware/PreventRequestsDuringMaintenance->handle(Object(Illuminate/Http/Request), Object(Closure))
#37 C:/xampp/htdocs/johnceniza/vendor/laravel/framework/src/Illuminate/Http/Middleware/HandleCors.php(61): Illuminate/Pipeline/Pipeline->Illuminate/Pipeline/{closure}(Object(Illuminate/Http/Request))
#38 C:/xampp/htdocs/johnceniza/vendor/laravel/framework/src/Illuminate/Pipeline/Pipeline.php(219): Illuminate/Http/Middleware/HandleCors->handle(Object(Illuminate/Http/Request), Object(Closure))
#39 C:/xampp/htdocs/johnceniza/vendor/laravel/framework/src/Illuminate/Http/Middleware/TrustProxies.php(58): Illuminate/Pipeline/Pipeline->Illuminate/Pipeline/{closure}(Object(Illuminate/Http/Request))
#40 C:/xampp/htdocs/johnceniza/vendor/laravel/framework/src/Illuminate/Pipeline/Pipeline.php(219): Illuminate/Http/Middleware/TrustProxies->handle(Object(Illuminate/Http/Request), Object(Closure))
#41 C:/xampp/htdocs/johnceniza/vendor/laravel/framework/src/Illuminate/Foundation/Http/Middleware/InvokeDeferredCallbacks.php(22): Illuminate/Pipeline/Pipeline->Illuminate/Pipeline/{closure}(Object(Illuminate/Http/Request))
#42 C:/xampp/htdocs/johnceniza/vendor/laravel/framework/src/Illuminate/Pipeline/Pipeline.php(219): Illuminate/Foundation/Http/Middleware/InvokeDeferredCallbacks->handle(Object(Illuminate/Http/Request), Object(Closure))
#43 C:/xampp/htdocs/johnceniza/vendor/laravel/framework/src/Illuminate/Http/Middleware/ValidatePathEncoding.php(26): Illuminate/Pipeline/Pipeline->Illuminate/Pipeline/{closure}(Object(Illuminate/Http/Request))
#44 C:/xampp/htdocs/johnceniza/vendor/laravel/framework/src/Illuminate/Pipeline/Pipeline.php(219): Illuminate/Http/Middleware/ValidatePathEncoding->handle(Object(Illuminate/Http/Request), Object(Closure))
#45 C:/xampp/htdocs/johnceniza/vendor/laravel/framework/src/Illuminate/Pipeline/Pipeline.php(137): Illuminate/Pipeline/Pipeline->Illuminate/Pipeline/{closure}(Object(Illuminate/Http/Request))
#46 C:/xampp/htdocs/johnceniza/vendor/laravel/framework/src/Illuminate/Foundation/Http/Kernel.php(175): Illuminate/Pipeline/Pipeline->then(Object(Closure))
#47 C:/xampp/htdocs/johnceniza/vendor/laravel/framework/src/Illuminate/Foundation/Http/Kernel.php(144): Illuminate/Foundation/Http/Kernel->sendRequestThroughRouter(Object(Illuminate/Http/Request))
#48 C:/xampp/htdocs/johnceniza/vendor/laravel/framework/src/Illuminate/Foundation/Application.php(1220): Illuminate/Foundation/Http/Kernel->handle(Object(Illuminate/Http/Request))
#49 C:/xampp/htdocs/johnceniza/public/index.php(20): Illuminate/Foundation/Application->handleRequest(Object(Illuminate/Http/Request))
#50 C:/xampp/htdocs/johnceniza/vendor/laravel/framework/src/Illuminate/Foundation/resources/server.php(23): require_once('C://xampp//htdocs...')
#51 {main}
"} 
[2026-09-24 17:31:42] local.ERROR: syntax error, unexpected token "->" {"exception":"[object] (ParseError(code: 0): syntax error, unexpected token \"->\" at C:/xampp/htdocs/johnceniza/routes/web.php:8)
[stacktrace]
#0 C:/xampp/htdocs/johnceniza/vendor/laravel/framework/src/Illuminate/Routing/Router.php(526): Illuminate/Routing/RouteFileRegistrar->register('C://xampp//htdocs...')
#1 C:/xampp/htdocs/johnceniza/vendor/laravel/framework/src/Illuminate/Routing/Router.php(480): Illuminate/Routing/Router->loadRoutes('C://xampp//htdocs...')
#2 C:/xampp/htdocs/johnceniza/vendor/laravel/framework/src/Illuminate/Routing/RouteRegistrar.php(212): Illuminate/Routing/Router->group(Array, 'C://xampp//htdocs...')
#3 C:/xampp/htdocs/johnceniza/vendor/laravel/framework/src/Illuminate/Foundation/Configuration/ApplicationBuilder.php(248): Illuminate/Routing/RouteRegistrar->group('C://xampp//htdocs...')
#4 C:/xampp/htdocs/johnceniza/vendor/laravel/framework/src/Illuminate/Container/BoundMethod.php(36): Illuminate/Foundation/Configuration/ApplicationBuilder->Illuminate/Foundation/Configuration/{closure}()
#5 C:/xampp/htdocs/johnceniza/vendor/laravel/framework/src/Illuminate/Container/Util.php(43): Illuminate/Container/BoundMethod::Illuminate/Container/{closure}()
#6 C:/xampp/htdocs/johnceniza/vendor/laravel/framework/src/Illuminate/Container/BoundMethod.php(84): Illuminate/Container/Util::unwrapIfClosure(Object(Closure))
#7 C:/xampp/htdocs/johnceniza/vendor/laravel/framework/src/Illuminate/Container/BoundMethod.php(35): Illuminate/Container/BoundMethod::callBoundMethod(Object(Illuminate/Foundation/Application), Object(Closure), Object(Closure))
#8 C:/xampp/htdocs/johnceniza/vendor/laravel/framework/src/Illuminate/Container/Container.php(799): Illuminate/Container/BoundMethod::call(Object(Illuminate/Foundation/Application), Object(Closure), Array, NULL)
#9 C:/xampp/htdocs/johnceniza/vendor/laravel/framework/src/Illuminate/Foundation/Support/Providers/RouteServiceProvider.php(162): Illuminate/Container/Container->call(Object(Closure))
#10 C:/xampp/htdocs/johnceniza/vendor/laravel/framework/src/Illuminate/Foundation/Support/Providers/RouteServiceProvider.php(59): Illuminate/Foundation/Support/Providers/RouteServiceProvider->loadRoutes()
#11 C:/xampp/htdocs/johnceniza/vendor/laravel/framework/src/Illuminate/Container/BoundMethod.php(36): Illuminate/Foundation/Support/Providers/RouteServiceProvider->Illuminate/Foundation/Support/Providers/{closure}()
#12 C:/xampp/htdocs/johnceniza/vendor/laravel/framework/src/Illuminate/Container/Util.php(43): Illuminate/Container/BoundMethod::Illuminate/Container/{closure}()
#13 C:/xampp/htdocs/johnceniza/vendor/laravel/framework/src/Illuminate/Container/BoundMethod.php(84): Illuminate/Container/Util::unwrapIfClosure(Object(Closure))
#14 C:/xampp/htdocs/johnceniza/vendor/laravel/framework/src/Illuminate/Container/BoundMethod.php(35): Illuminate/Container/BoundMethod::callBoundMethod(Object(Illuminate/Foundation/Application), Object(Closure), Object(Closure))
#15 C:/xampp/htdocs/johnceniza/vendor/laravel/framework/src/Illuminate/Container/Container.php(799): Illuminate/Container/BoundMethod::call(Object(Illuminate/Foundation/Application), Object(Closure), Array, NULL)
#16 C:/xampp/htdocs/johnceniza/vendor/laravel/framework/src/Illuminate/Support/ServiceProvider.php(150): Illuminate/Container/Container->call(Object(Closure))
#17 C:/xampp/htdocs/johnceniza/vendor/laravel/framework/src/Illuminate/Foundation/Application.php(1154): Illuminate/Support/ServiceProvider->callBootedCallbacks()
#18 C:/xampp/htdocs/johnceniza/vendor/laravel/framework/src/Illuminate/Foundation/Application.php(1132): Illuminate/Foundation/Application->bootProvider(Object(Illuminate/Foundation/Support/Providers/RouteServiceProvider))
#19 [internal function]: Illuminate/Foundation/Application->Illuminate/Foundation/{closure}(Object(Illuminate/Foundation/Support/Providers/RouteServiceProvider), 'Illuminate//Foun...')
#20 C:/xampp/htdocs/johnceniza/vendor/laravel/framework/src/Illuminate/Foundation/Application.php(1131): array_walk(Array, Object(Closure))
#21 C:/xampp/htdocs/johnceniza/vendor/laravel/framework/src/Illuminate/Foundation/Bootstrap/BootProviders.php(17): Illuminate/Foundation/Application->boot()
#22 C:/xampp/htdocs/johnceniza/vendor/laravel/framework/src/Illuminate/Foundation/Application.php(342): Illuminate/Foundation/Bootstrap/BootProviders->bootstrap(Object(Illuminate/Foundation/Application))
#23 C:/xampp/htdocs/johnceniza/vendor/laravel/framework/src/Illuminate/Foundation/Console/Kernel.php(494): Illuminate/Foundation/Application->bootstrapWith(Array)
#24 C:/xampp/htdocs/johnceniza/vendor/laravel/framework/src/Illuminate/Foundation/Console/Kernel.php(196): Illuminate/Foundation/Console/Kernel->bootstrap()
#25 C:/xampp/htdocs/johnceniza/vendor/laravel/framework/src/Illuminate/Foundation/Application.php(1235): Illuminate/Foundation/Console/Kernel->handle(Object(Symfony/Component/Console/Input/ArgvInput), Object(Symfony/Component/Console/Output/ConsoleOutput))
#26 C:/xampp/htdocs/johnceniza/artisan(16): Illuminate/Foundation/Application->handleCommand(Object(Symfony/Component/Console/Input/ArgvInput))
#27 {main}
"} 
[2026-09-24 17:31:59] local.ERROR: syntax error, unexpected token "->" {"exception":"[object] (ParseError(code: 0): syntax error, unexpected token \"->\" at C:/xampp/htdocs/johnceniza/routes/web.php:8)
[stacktrace]
#0 C:/xampp/htdocs/johnceniza/vendor/laravel/framework/src/Illuminate/Routing/Router.php(526): Illuminate/Routing/RouteFileRegistrar->register('C://xampp//htdocs...')
#1 C:/xampp/htdocs/johnceniza/vendor/laravel/framework/src/Illuminate/Routing/Router.php(480): Illuminate/Routing/Router->loadRoutes('C://xampp//htdocs...')
#2 C:/xampp/htdocs/johnceniza/vendor/laravel/framework/src/Illuminate/Routing/RouteRegistrar.php(212): Illuminate/Routing/Router->group(Array, 'C://xampp//htdocs...')
#3 C:/xampp/htdocs/johnceniza/vendor/laravel/framework/src/Illuminate/Foundation/Configuration/ApplicationBuilder.php(248): Illuminate/Routing/RouteRegistrar->group('C://xampp//htdocs...')
#4 C:/xampp/htdocs/johnceniza/vendor/laravel/framework/src/Illuminate/Container/BoundMethod.php(36): Illuminate/Foundation/Configuration/ApplicationBuilder->Illuminate/Foundation/Configuration/{closure}()
#5 C:/xampp/htdocs/johnceniza/vendor/laravel/framework/src/Illuminate/Container/Util.php(43): Illuminate/Container/BoundMethod::Illuminate/Container/{closure}()
#6 C:/xampp/htdocs/johnceniza/vendor/laravel/framework/src/Illuminate/Container/BoundMethod.php(84): Illuminate/Container/Util::unwrapIfClosure(Object(Closure))
#7 C:/xampp/htdocs/johnceniza/vendor/laravel/framework/src/Illuminate/Container/BoundMethod.php(35): Illuminate/Container/BoundMethod::callBoundMethod(Object(Illuminate/Foundation/Application), Object(Closure), Object(Closure))
#8 C:/xampp/htdocs/johnceniza/vendor/laravel/framework/src/Illuminate/Container/Container.php(799): Illuminate/Container/BoundMethod::call(Object(Illuminate/Foundation/Application), Object(Closure), Array, NULL)
#9 C:/xampp/htdocs/johnceniza/vendor/laravel/framework/src/Illuminate/Foundation/Support/Providers/RouteServiceProvider.php(162): Illuminate/Container/Container->call(Object(Closure))
#10 C:/xampp/htdocs/johnceniza/vendor/laravel/framework/src/Illuminate/Foundation/Support/Providers/RouteServiceProvider.php(59): Illuminate/Foundation/Support/Providers/RouteServiceProvider->loadRoutes()
#11 C:/xampp/htdocs/johnceniza/vendor/laravel/framework/src/Illuminate/Container/BoundMethod.php(36): Illuminate/Foundation/Support/Providers/RouteServiceProvider->Illuminate/Foundation/Support/Providers/{closure}()
#12 C:/xampp/htdocs/johnceniza/vendor/laravel/framework/src/Illuminate/Container/Util.php(43): Illuminate/Container/BoundMethod::Illuminate/Container/{closure}()
#13 C:/xampp/htdocs/johnceniza/vendor/laravel/framework/src/Illuminate/Container/BoundMethod.php(84): Illuminate/Container/Util::unwrapIfClosure(Object(Closure))
#14 C:/xampp/htdocs/johnceniza/vendor/laravel/framework/src/Illuminate/Container/BoundMethod.php(35): Illuminate/Container/BoundMethod::callBoundMethod(Object(Illuminate/Foundation/Application), Object(Closure), Object(Closure))
#15 C:/xampp/htdocs/johnceniza/vendor/laravel/framework/src/Illuminate/Container/Container.php(799): Illuminate/Container/BoundMethod::call(Object(Illuminate/Foundation/Application), Object(Closure), Array, NULL)
#16 C:/xampp/htdocs/johnceniza/vendor/laravel/framework/src/Illuminate/Support/ServiceProvider.php(150): Illuminate/Container/Container->call(Object(Closure))
#17 C:/xampp/htdocs/johnceniza/vendor/laravel/framework/src/Illuminate/Foundation/Application.php(1154): Illuminate/Support/ServiceProvider->callBootedCallbacks()
#18 C:/xampp/htdocs/johnceniza/vendor/laravel/framework/src/Illuminate/Foundation/Application.php(1132): Illuminate/Foundation/Application->bootProvider(Object(Illuminate/Foundation/Support/Providers/RouteServiceProvider))
#19 [internal function]: Illuminate/Foundation/Application->Illuminate/Foundation/{closure}(Object(Illuminate/Foundation/Support/Providers/RouteServiceProvider), 'Illuminate//Foun...')
#20 C:/xampp/htdocs/johnceniza/vendor/laravel/framework/src/Illuminate/Foundation/Application.php(1131): array_walk(Array, Object(Closure))
#21 C:/xampp/htdocs/johnceniza/vendor/laravel/framework/src/Illuminate/Foundation/Bootstrap/BootProviders.php(17): Illuminate/Foundation/Application->boot()
#22 C:/xampp/htdocs/johnceniza/vendor/laravel/framework/src/Illuminate/Foundation/Application.php(342): Illuminate/Foundation/Bootstrap/BootProviders->bootstrap(Object(Illuminate/Foundation/Application))
#23 C:/xampp/htdocs/johnceniza/vendor/laravel/framework/src/Illuminate/Foundation/Console/Kernel.php(494): Illuminate/Foundation/Application->bootstrapWith(Array)
#24 C:/xampp/htdocs/johnceniza/vendor/laravel/framework/src/Illuminate/Foundation/Console/Kernel.php(196): Illuminate/Foundation/Console/Kernel->bootstrap()
#25 C:/xampp/htdocs/johnceniza/vendor/laravel/framework/src/Illuminate/Foundation/Application.php(1235): Illuminate/Foundation/Console/Kernel->handle(Object(Symfony/Component/Console/Input/ArgvInput), Object(Symfony/Component/Console/Output/ConsoleOutput))
#26 C:/xampp/htdocs/johnceniza/artisan(16): Illuminate/Foundation/Application->handleCommand(Object(Symfony/Component/Console/Input/ArgvInput))
#27 {main}
"} 
[2026-09-24 17:33:15] local.ERROR: Route [task.index] not defined. {"exception":"[object] (Symfony\\Component\\Routing\\Exception\\RouteNotFoundException(code: 0): Route [task.index] not defined. at C:/xampp/htdocs/johnceniza/vendor/laravel/framework/src/Illuminate/Routing/UrlGenerator.php:536)
[stacktrace]
#0 C:/xampp/htdocs/johnceniza/vendor/laravel/framework/src/Illuminate/Routing/Redirector.php(153): Illuminate/Routing/UrlGenerator->route('task.index', Array)
#1 C:/xampp/htdocs/johnceniza/app/Http/Controllers/TaskController.php(104): Illuminate/Routing/Redirector->route('task.index')
#2 C:/xampp/htdocs/johnceniza/vendor/laravel/framework/src/Illuminate/Routing/ControllerDispatcher.php(46): App/Http/Controllers/TaskController->toggle(Object(App/Models/Task))
#3 C:/xampp/htdocs/johnceniza/vendor/laravel/framework/src/Illuminate/Routing/Route.php(265): Illuminate/Routing/ControllerDispatcher->dispatch(Object(Illuminate/Routing/Route), Object(App/Http/Controllers/TaskController), 'toggle')
#4 C:/xampp/htdocs/johnceniza/vendor/laravel/framework/src/Illuminate/Routing/Route.php(211): Illuminate/Routing/Route->runController()
#5 C:/xampp/htdocs/johnceniza/vendor/laravel/framework/src/Illuminate/Routing/Router.php(822): Illuminate/Routing/Route->run()
#6 C:/xampp/htdocs/johnceniza/vendor/laravel/framework/src/Illuminate/Pipeline/Pipeline.php(180): Illuminate/Routing/Router->Illuminate/Routing/{closure}(Object(Illuminate/Http/Request))
#7 C:/xampp/htdocs/johnceniza/vendor/laravel/framework/src/Illuminate/Routing/Middleware/SubstituteBindings.php(50): Illuminate/Pipeline/Pipeline->Illuminate/Pipeline/{closure}(Object(Illuminate/Http/Request))
#8 C:/xampp/htdocs/johnceniza/vendor/laravel/framework/src/Illuminate/Pipeline/Pipeline.php(219): Illuminate/Routing/Middleware/SubstituteBindings->handle(Object(Illuminate/Http/Request), Object(Closure))
#9 C:/xampp/htdocs/johnceniza/vendor/laravel/framework/src/Illuminate/Foundation/Http/Middleware/VerifyCsrfToken.php(87): Illuminate/Pipeline/Pipeline->Illuminate/Pipeline/{closure}(Object(Illuminate/Http/Request))
#10 C:/xampp/htdocs/johnceniza/vendor/laravel/framework/src/Illuminate/Pipeline/Pipeline.php(219): Illuminate/Foundation/Http/Middleware/VerifyCsrfToken->handle(Object(Illuminate/Http/Request), Object(Closure))
#11 C:/xampp/htdocs/johnceniza/vendor/laravel/framework/src/Illuminate/View/Middleware/ShareErrorsFromSession.php(48): Illuminate/Pipeline/Pipeline->Illuminate/Pipeline/{closure}(Object(Illuminate/Http/Request))
#12 C:/xampp/htdocs/johnceniza/vendor/laravel/framework/src/Illuminate/Pipeline/Pipeline.php(219): Illuminate/View/Middleware/ShareErrorsFromSession->handle(Object(Illuminate/Http/Request), Object(Closure))
#13 C:/xampp/htdocs/johnceniza/vendor/laravel/framework/src/Illuminate/Session/Middleware/StartSession.php(120): Illuminate/Pipeline/Pipeline->Illuminate/Pipeline/{closure}(Object(Illuminate/Http/Request))
#14 C:/xampp/htdocs/johnceniza/vendor/laravel/framework/src/Illuminate/Session/Middleware/StartSession.php(63): Illuminate/Session/Middleware/StartSession->handleStatefulRequest(Object(Illuminate/Http/Request), Object(Illuminate/Session/Store), Object(Closure))
#15 C:/xampp/htdocs/johnceniza/vendor/laravel/framework/src/Illuminate/Pipeline/Pipeline.php(219): Illuminate/Session/Middleware/StartSession->handle(Object(Illuminate/Http/Request), Object(Closure))
#16 C:/xampp/htdocs/johnceniza/vendor/laravel/framework/src/Illuminate/Cookie/Middleware/AddQueuedCookiesToResponse.php(36): Illuminate/Pipeline/Pipeline->Illuminate/Pipeline/{closure}(Object(Illuminate/Http/Request))
#17 C:/xampp/htdocs/johnceniza/vendor/laravel/framework/src/Illuminate/Pipeline/Pipeline.php(219): Illuminate/Cookie/Middleware/AddQueuedCookiesToResponse->handle(Object(Illuminate/Http/Request), Object(Closure))
#18 C:/xampp/htdocs/johnceniza/vendor/laravel/framework/src/Illuminate/Cookie/Middleware/EncryptCookies.php(74): Illuminate/Pipeline/Pipeline->Illuminate/Pipeline/{closure}(Object(Illuminate/Http/Request))
#19 C:/xampp/htdocs/johnceniza/vendor/laravel/framework/src/Illuminate/Pipeline/Pipeline.php(219): Illuminate/Cookie/Middleware/EncryptCookies->handle(Object(Illuminate/Http/Request), Object(Closure))
#20 C:/xampp/htdocs/johnceniza/vendor/laravel/framework/src/Illuminate/Pipeline/Pipeline.php(137): Illuminate/Pipeline/Pipeline->Illuminate/Pipeline/{closure}(Object(Illuminate/Http/Request))
#21 C:/xampp/htdocs/johnceniza/vendor/laravel/framework/src/Illuminate/Routing/Router.php(821): Illuminate/Pipeline/Pipeline->then(Object(Closure))
#22 C:/xampp/htdocs/johnceniza/vendor/laravel/framework/src/Illuminate/Routing/Router.php(800): Illuminate/Routing/Router->runRouteWithinStack(Object(Illuminate/Routing/Route), Object(Illuminate/Http/Request))
#23 C:/xampp/htdocs/johnceniza/vendor/laravel/framework/src/Illuminate/Routing/Router.php(764): Illuminate/Routing/Router->runRoute(Object(Illuminate/Http/Request), Object(Illuminate/Routing/Route))
#24 C:/xampp/htdocs/johnceniza/vendor/laravel/framework/src/Illuminate/Routing/Router.php(753): Illuminate/Routing/Router->dispatchToRoute(Object(Illuminate/Http/Request))
#25 C:/xampp/htdocs/johnceniza/vendor/laravel/framework/src/Illuminate/Foundation/Http/Kernel.php(200): Illuminate/Routing/Router->dispatch(Object(Illuminate/Http/Request))
#26 C:/xampp/htdocs/johnceniza/vendor/laravel/framework/src/Illuminate/Pipeline/Pipeline.php(180): Illuminate/Foundation/Http/Kernel->Illuminate/Foundation/Http/{closure}(Object(Illuminate/Http/Request))
#27 C:/xampp/htdocs/johnceniza/vendor/laravel/framework/src/Illuminate/Foundation/Http/Middleware/TransformsRequest.php(21): Illuminate/Pipeline/Pipeline->Illuminate/Pipeline/{closure}(Object(Illuminate/Http/Request))
#28 C:/xampp/htdocs/johnceniza/vendor/laravel/framework/src/Illuminate/Foundation/Http/Middleware/ConvertEmptyStringsToNull.php(31): Illuminate/Foundation/Http/Middleware/TransformsRequest->handle(Object(Illuminate/Http/Request), Object(Closure))
#29 C:/xampp/htdocs/johnceniza/vendor/laravel/framework/src/Illuminate/Pipeline/Pipeline.php(219): Illuminate/Foundation/Http/Middleware/ConvertEmptyStringsToNull->handle(Object(Illuminate/Http/Request), Object(Closure))
#30 C:/xampp/htdocs/johnceniza/vendor/laravel/framework/src/Illuminate/Foundation/Http/Middleware/TransformsRequest.php(21): Illuminate/Pipeline/Pipeline->Illuminate/Pipeline/{closure}(Object(Illuminate/Http/Request))
#31 C:/xampp/htdocs/johnceniza/vendor/laravel/framework/src/Illuminate/Foundation/Http/Middleware/TrimStrings.php(51): Illuminate/Foundation/Http/Middleware/TransformsRequest->handle(Object(Illuminate/Http/Request), Object(Closure))
#32 C:/xampp/htdocs/johnceniza/vendor/laravel/framework/src/Illuminate/Pipeline/Pipeline.php(219): Illuminate/Foundation/Http/Middleware/TrimStrings->handle(Object(Illuminate/Http/Request), Object(Closure))
#33 C:/xampp/htdocs/johnceniza/vendor/laravel/framework/src/Illuminate/Http/Middleware/ValidatePostSize.php(27): Illuminate/Pipeline/Pipeline->Illuminate/Pipeline/{closure}(Object(Illuminate/Http/Request))
#34 C:/xampp/htdocs/johnceniza/vendor/laravel/framework/src/Illuminate/Pipeline/Pipeline.php(219): Illuminate/Http/Middleware/ValidatePostSize->handle(Object(Illuminate/Http/Request), Object(Closure))
#35 C:/xampp/htdocs/johnceniza/vendor/laravel/framework/src/Illuminate/Foundation/Http/Middleware/PreventRequestsDuringMaintenance.php(109): Illuminate/Pipeline/Pipeline->Illuminate/Pipeline/{closure}(Object(Illuminate/Http/Request))
#36 C:/xampp/htdocs/johnceniza/vendor/laravel/framework/src/Illuminate/Pipeline/Pipeline.php(219): Illuminate/Foundation/Http/Middleware/PreventRequestsDuringMaintenance->handle(Object(Illuminate/Http/Request), Object(Closure))
#37 C:/xampp/htdocs/johnceniza/vendor/laravel/framework/src/Illuminate/Http/Middleware/HandleCors.php(61): Illuminate/Pipeline/Pipeline->Illuminate/Pipeline/{closure}(Object(Illuminate/Http/Request))
#38 C:/xampp/htdocs/johnceniza/vendor/laravel/framework/src/Illuminate/Pipeline/Pipeline.php(219): Illuminate/Http/Middleware/HandleCors->handle(Object(Illuminate/Http/Request), Object(Closure))
#39 C:/xampp/htdocs/johnceniza/vendor/laravel/framework/src/Illuminate/Http/Middleware/TrustProxies.php(58): Illuminate/Pipeline/Pipeline->Illuminate/Pipeline/{closure}(Object(Illuminate/Http/Request))
#40 C:/xampp/htdocs/johnceniza/vendor/laravel/framework/src/Illuminate/Pipeline/Pipeline.php(219): Illuminate/Http/Middleware/TrustProxies->handle(Object(Illuminate/Http/Request), Object(Closure))
#41 C:/xampp/htdocs/johnceniza/vendor/laravel/framework/src/Illuminate/Foundation/Http/Middleware/InvokeDeferredCallbacks.php(22): Illuminate/Pipeline/Pipeline->Illuminate/Pipeline/{closure}(Object(Illuminate/Http/Request))
#42 C:/xampp/htdocs/johnceniza/vendor/laravel/framework/src/Illuminate/Pipeline/Pipeline.php(219): Illuminate/Foundation/Http/Middleware/InvokeDeferredCallbacks->handle(Object(Illuminate/Http/Request), Object(Closure))
#43 C:/xampp/htdocs/johnceniza/vendor/laravel/framework/src/Illuminate/Http/Middleware/ValidatePathEncoding.php(26): Illuminate/Pipeline/Pipeline->Illuminate/Pipeline/{closure}(Object(Illuminate/Http/Request))
#44 C:/xampp/htdocs/johnceniza/vendor/laravel/framework/src/Illuminate/Pipeline/Pipeline.php(219): Illuminate/Http/Middleware/ValidatePathEncoding->handle(Object(Illuminate/Http/Request), Object(Closure))
#45 C:/xampp/htdocs/johnceniza/vendor/laravel/framework/src/Illuminate/Pipeline/Pipeline.php(137): Illuminate/Pipeline/Pipeline->Illuminate/Pipeline/{closure}(Object(Illuminate/Http/Request))
#46 C:/xampp/htdocs/johnceniza/vendor/laravel/framework/src/Illuminate/Foundation/Http/Kernel.php(175): Illuminate/Pipeline/Pipeline->then(Object(Closure))
#47 C:/xampp/htdocs/johnceniza/vendor/laravel/framework/src/Illuminate/Foundation/Http/Kernel.php(144): Illuminate/Foundation/Http/Kernel->sendRequestThroughRouter(Object(Illuminate/Http/Request))
#48 C:/xampp/htdocs/johnceniza/vendor/laravel/framework/src/Illuminate/Foundation/Application.php(1220): Illuminate/Foundation/Http/Kernel->handle(Object(Illuminate/Http/Request))
#49 C:/xampp/htdocs/johnceniza/public/index.php(20): Illuminate/Foundation/Application->handleRequest(Object(Illuminate/Http/Request))
#50 C:/xampp/htdocs/johnceniza/vendor/laravel/framework/src/Illuminate/Foundation/resources/server.php(23): require_once('C://xampp//htdocs...')
#51 {main}
"} 
[2026-09-24 17:35:54] local.ERROR: Route [task.index] not defined. {"exception":"[object] (Symfony\\Component\\Routing\\Exception\\RouteNotFoundException(code: 0): Route [task.index] not defined. at C:/xampp/htdocs/johnceniza/vendor/laravel/framework/src/Illuminate/Routing/UrlGenerator.php:536)
[stacktrace]
#0 C:/xampp/htdocs/johnceniza/vendor/laravel/framework/src/Illuminate/Routing/Redirector.php(153): Illuminate/Routing/UrlGenerator->route('task.index', Array)
#1 C:/xampp/htdocs/johnceniza/app/Http/Controllers/TaskController.php(104): Illuminate/Routing/Redirector->route('task.index')
#2 C:/xampp/htdocs/johnceniza/vendor/laravel/framework/src/Illuminate/Routing/ControllerDispatcher.php(46): App/Http/Controllers/TaskController->toggle(Object(App/Models/Task))
#3 C:/xampp/htdocs/johnceniza/vendor/laravel/framework/src/Illuminate/Routing/Route.php(265): Illuminate/Routing/ControllerDispatcher->dispatch(Object(Illuminate/Routing/Route), Object(App/Http/Controllers/TaskController), 'toggle')
#4 C:/xampp/htdocs/johnceniza/vendor/laravel/framework/src/Illuminate/Routing/Route.php(211): Illuminate/Routing/Route->runController()
#5 C:/xampp/htdocs/johnceniza/vendor/laravel/framework/src/Illuminate/Routing/Router.php(822): Illuminate/Routing/Route->run()
#6 C:/xampp/htdocs/johnceniza/vendor/laravel/framework/src/Illuminate/Pipeline/Pipeline.php(180): Illuminate/Routing/Router->Illuminate/Routing/{closure}(Object(Illuminate/Http/Request))
#7 C:/xampp/htdocs/johnceniza/vendor/laravel/framework/src/Illuminate/Routing/Middleware/SubstituteBindings.php(50): Illuminate/Pipeline/Pipeline->Illuminate/Pipeline/{closure}(Object(Illuminate/Http/Request))
#8 C:/xampp/htdocs/johnceniza/vendor/laravel/framework/src/Illuminate/Pipeline/Pipeline.php(219): Illuminate/Routing/Middleware/SubstituteBindings->handle(Object(Illuminate/Http/Request), Object(Closure))
#9 C:/xampp/htdocs/johnceniza/vendor/laravel/framework/src/Illuminate/Foundation/Http/Middleware/VerifyCsrfToken.php(87): Illuminate/Pipeline/Pipeline->Illuminate/Pipeline/{closure}(Object(Illuminate/Http/Request))
#10 C:/xampp/htdocs/johnceniza/vendor/laravel/framework/src/Illuminate/Pipeline/Pipeline.php(219): Illuminate/Foundation/Http/Middleware/VerifyCsrfToken->handle(Object(Illuminate/Http/Request), Object(Closure))
#11 C:/xampp/htdocs/johnceniza/vendor/laravel/framework/src/Illuminate/View/Middleware/ShareErrorsFromSession.php(48): Illuminate/Pipeline/Pipeline->Illuminate/Pipeline/{closure}(Object(Illuminate/Http/Request))
#12 C:/xampp/htdocs/johnceniza/vendor/laravel/framework/src/Illuminate/Pipeline/Pipeline.php(219): Illuminate/View/Middleware/ShareErrorsFromSession->handle(Object(Illuminate/Http/Request), Object(Closure))
#13 C:/xampp/htdocs/johnceniza/vendor/laravel/framework/src/Illuminate/Session/Middleware/StartSession.php(120): Illuminate/Pipeline/Pipeline->Illuminate/Pipeline/{closure}(Object(Illuminate/Http/Request))
#14 C:/xampp/htdocs/johnceniza/vendor/laravel/framework/src/Illuminate/Session/Middleware/StartSession.php(63): Illuminate/Session/Middleware/StartSession->handleStatefulRequest(Object(Illuminate/Http/Request), Object(Illuminate/Session/Store), Object(Closure))
#15 C:/xampp/htdocs/johnceniza/vendor/laravel/framework/src/Illuminate/Pipeline/Pipeline.php(219): Illuminate/Session/Middleware/StartSession->handle(Object(Illuminate/Http/Request), Object(Closure))
#16 C:/xampp/htdocs/johnceniza/vendor/laravel/framework/src/Illuminate/Cookie/Middleware/AddQueuedCookiesToResponse.php(36): Illuminate/Pipeline/Pipeline->Illuminate/Pipeline/{closure}(Object(Illuminate/Http/Request))
#17 C:/xampp/htdocs/johnceniza/vendor/laravel/framework/src/Illuminate/Pipeline/Pipeline.php(219): Illuminate/Cookie/Middleware/AddQueuedCookiesToResponse->handle(Object(Illuminate/Http/Request), Object(Closure))
#18 C:/xampp/htdocs/johnceniza/vendor/laravel/framework/src/Illuminate/Cookie/Middleware/EncryptCookies.php(74): Illuminate/Pipeline/Pipeline->Illuminate/Pipeline/{closure}(Object(Illuminate/Http/Request))
#19 C:/xampp/htdocs/johnceniza/vendor/laravel/framework/src/Illuminate/Pipeline/Pipeline.php(219): Illuminate/Cookie/Middleware/EncryptCookies->handle(Object(Illuminate/Http/Request), Object(Closure))
#20 C:/xampp/htdocs/johnceniza/vendor/laravel/framework/src/Illuminate/Pipeline/Pipeline.php(137): Illuminate/Pipeline/Pipeline->Illuminate/Pipeline/{closure}(Object(Illuminate/Http/Request))
#21 C:/xampp/htdocs/johnceniza/vendor/laravel/framework/src/Illuminate/Routing/Router.php(821): Illuminate/Pipeline/Pipeline->then(Object(Closure))
#22 C:/xampp/htdocs/johnceniza/vendor/laravel/framework/src/Illuminate/Routing/Router.php(800): Illuminate/Routing/Router->runRouteWithinStack(Object(Illuminate/Routing/Route), Object(Illuminate/Http/Request))
#23 C:/xampp/htdocs/johnceniza/vendor/laravel/framework/src/Illuminate/Routing/Router.php(764): Illuminate/Routing/Router->runRoute(Object(Illuminate/Http/Request), Object(Illuminate/Routing/Route))
#24 C:/xampp/htdocs/johnceniza/vendor/laravel/framework/src/Illuminate/Routing/Router.php(753): Illuminate/Routing/Router->dispatchToRoute(Object(Illuminate/Http/Request))
#25 C:/xampp/htdocs/johnceniza/vendor/laravel/framework/src/Illuminate/Foundation/Http/Kernel.php(200): Illuminate/Routing/Router->dispatch(Object(Illuminate/Http/Request))
#26 C:/xampp/htdocs/johnceniza/vendor/laravel/framework/src/Illuminate/Pipeline/Pipeline.php(180): Illuminate/Foundation/Http/Kernel->Illuminate/Foundation/Http/{closure}(Object(Illuminate/Http/Request))
#27 C:/xampp/htdocs/johnceniza/vendor/laravel/framework/src/Illuminate/Foundation/Http/Middleware/TransformsRequest.php(21): Illuminate/Pipeline/Pipeline->Illuminate/Pipeline/{closure}(Object(Illuminate/Http/Request))
#28 C:/xampp/htdocs/johnceniza/vendor/laravel/framework/src/Illuminate/Foundation/Http/Middleware/ConvertEmptyStringsToNull.php(31): Illuminate/Foundation/Http/Middleware/TransformsRequest->handle(Object(Illuminate/Http/Request), Object(Closure))
#29 C:/xampp/htdocs/johnceniza/vendor/laravel/framework/src/Illuminate/Pipeline/Pipeline.php(219): Illuminate/Foundation/Http/Middleware/ConvertEmptyStringsToNull->handle(Object(Illuminate/Http/Request), Object(Closure))
#30 C:/xampp/htdocs/johnceniza/vendor/laravel/framework/src/Illuminate/Foundation/Http/Middleware/TransformsRequest.php(21): Illuminate/Pipeline/Pipeline->Illuminate/Pipeline/{closure}(Object(Illuminate/Http/Request))
#31 C:/xampp/htdocs/johnceniza/vendor/laravel/framework/src/Illuminate/Foundation/Http/Middleware/TrimStrings.php(51): Illuminate/Foundation/Http/Middleware/TransformsRequest->handle(Object(Illuminate/Http/Request), Object(Closure))
#32 C:/xampp/htdocs/johnceniza/vendor/laravel/framework/src/Illuminate/Pipeline/Pipeline.php(219): Illuminate/Foundation/Http/Middleware/TrimStrings->handle(Object(Illuminate/Http/Request), Object(Closure))
#33 C:/xampp/htdocs/johnceniza/vendor/laravel/framework/src/Illuminate/Http/Middleware/ValidatePostSize.php(27): Illuminate/Pipeline/Pipeline->Illuminate/Pipeline/{closure}(Object(Illuminate/Http/Request))
#34 C:/xampp/htdocs/johnceniza/vendor/laravel/framework/src/Illuminate/Pipeline/Pipeline.php(219): Illuminate/Http/Middleware/ValidatePostSize->handle(Object(Illuminate/Http/Request), Object(Closure))
#35 C:/xampp/htdocs/johnceniza/vendor/laravel/framework/src/Illuminate/Foundation/Http/Middleware/PreventRequestsDuringMaintenance.php(109): Illuminate/Pipeline/Pipeline->Illuminate/Pipeline/{closure}(Object(Illuminate/Http/Request))
#36 C:/xampp/htdocs/johnceniza/vendor/laravel/framework/src/Illuminate/Pipeline/Pipeline.php(219): Illuminate/Foundation/Http/Middleware/PreventRequestsDuringMaintenance->handle(Object(Illuminate/Http/Request), Object(Closure))
#37 C:/xampp/htdocs/johnceniza/vendor/laravel/framework/src/Illuminate/Http/Middleware/HandleCors.php(61): Illuminate/Pipeline/Pipeline->Illuminate/Pipeline/{closure}(Object(Illuminate/Http/Request))
#38 C:/xampp/htdocs/johnceniza/vendor/laravel/framework/src/Illuminate/Pipeline/Pipeline.php(219): Illuminate/Http/Middleware/HandleCors->handle(Object(Illuminate/Http/Request), Object(Closure))
#39 C:/xampp/htdocs/johnceniza/vendor/laravel/framework/src/Illuminate/Http/Middleware/TrustProxies.php(58): Illuminate/Pipeline/Pipeline->Illuminate/Pipeline/{closure}(Object(Illuminate/Http/Request))
#40 C:/xampp/htdocs/johnceniza/vendor/laravel/framework/src/Illuminate/Pipeline/Pipeline.php(219): Illuminate/Http/Middleware/TrustProxies->handle(Object(Illuminate/Http/Request), Object(Closure))
#41 C:/xampp/htdocs/johnceniza/vendor/laravel/framework/src/Illuminate/Foundation/Http/Middleware/InvokeDeferredCallbacks.php(22): Illuminate/Pipeline/Pipeline->Illuminate/Pipeline/{closure}(Object(Illuminate/Http/Request))
#42 C:/xampp/htdocs/johnceniza/vendor/laravel/framework/src/Illuminate/Pipeline/Pipeline.php(219): Illuminate/Foundation/Http/Middleware/InvokeDeferredCallbacks->handle(Object(Illuminate/Http/Request), Object(Closure))
#43 C:/xampp/htdocs/johnceniza/vendor/laravel/framework/src/Illuminate/Http/Middleware/ValidatePathEncoding.php(26): Illuminate/Pipeline/Pipeline->Illuminate/Pipeline/{closure}(Object(Illuminate/Http/Request))
#44 C:/xampp/htdocs/johnceniza/vendor/laravel/framework/src/Illuminate/Pipeline/Pipeline.php(219): Illuminate/Http/Middleware/ValidatePathEncoding->handle(Object(Illuminate/Http/Request), Object(Closure))
#45 C:/xampp/htdocs/johnceniza/vendor/laravel/framework/src/Illuminate/Pipeline/Pipeline.php(137): Illuminate/Pipeline/Pipeline->Illuminate/Pipeline/{closure}(Object(Illuminate/Http/Request))
#46 C:/xampp/htdocs/johnceniza/vendor/laravel/framework/src/Illuminate/Foundation/Http/Kernel.php(175): Illuminate/Pipeline/Pipeline->then(Object(Closure))
#47 C:/xampp/htdocs/johnceniza/vendor/laravel/framework/src/Illuminate/Foundation/Http/Kernel.php(144): Illuminate/Foundation/Http/Kernel->sendRequestThroughRouter(Object(Illuminate/Http/Request))
#48 C:/xampp/htdocs/johnceniza/vendor/laravel/framework/src/Illuminate/Foundation/Application.php(1220): Illuminate/Foundation/Http/Kernel->handle(Object(Illuminate/Http/Request))
#49 C:/xampp/htdocs/johnceniza/public/index.php(20): Illuminate/Foundation/Application->handleRequest(Object(Illuminate/Http/Request))
#50 C:/xampp/htdocs/johnceniza/vendor/laravel/framework/src/Illuminate/Foundation/resources/server.php(23): require_once('C://xampp//htdocs...')
#51 {main}
"} 
[2026-09-24 17:42:29] local.ERROR: View [task.edit] not found. {"exception":"[object] (InvalidArgumentException(code: 0): View [task.edit] not found. at C:/xampp/htdocs/johnceniza/vendor/laravel/framework/src/Illuminate/View/FileViewFinder.php:138)
[stacktrace]
#0 C:/xampp/htdocs/johnceniza/vendor/laravel/framework/src/Illuminate/View/FileViewFinder.php(78): Illuminate/View/FileViewFinder->findInPaths('task.edit', Array)
#1 C:/xampp/htdocs/johnceniza/vendor/laravel/framework/src/Illuminate/View/Factory.php(150): Illuminate/View/FileViewFinder->find('task.edit')
#2 C:/xampp/htdocs/johnceniza/vendor/laravel/framework/src/Illuminate/Foundation/helpers.php(1100): Illuminate/View/Factory->make('task.edit', Array, Array)
#3 C:/xampp/htdocs/johnceniza/app/Http/Controllers/TaskController.php(57): view('task.edit', Array)
#4 C:/xampp/htdocs/johnceniza/vendor/laravel/framework/src/Illuminate/Routing/ControllerDispatcher.php(46): App/Http/Controllers/TaskController->edit(Object(App/Models/Task))
#5 C:/xampp/htdocs/johnceniza/vendor/laravel/framework/src/Illuminate/Routing/Route.php(265): Illuminate/Routing/ControllerDispatcher->dispatch(Object(Illuminate/Routing/Route), Object(App/Http/Controllers/TaskController), 'edit')
#6 C:/xampp/htdocs/johnceniza/vendor/laravel/framework/src/Illuminate/Routing/Route.php(211): Illuminate/Routing/Route->runController()
#7 C:/xampp/htdocs/johnceniza/vendor/laravel/framework/src/Illuminate/Routing/Router.php(822): Illuminate/Routing/Route->run()
#8 C:/xampp/htdocs/johnceniza/vendor/laravel/framework/src/Illuminate/Pipeline/Pipeline.php(180): Illuminate/Routing/Router->Illuminate/Routing/{closure}(Object(Illuminate/Http/Request))
#9 C:/xampp/htdocs/johnceniza/vendor/laravel/framework/src/Illuminate/Routing/Middleware/SubstituteBindings.php(50): Illuminate/Pipeline/Pipeline->Illuminate/Pipeline/{closure}(Object(Illuminate/Http/Request))
#10 C:/xampp/htdocs/johnceniza/vendor/laravel/framework/src/Illuminate/Pipeline/Pipeline.php(219): Illuminate/Routing/Middleware/SubstituteBindings->handle(Object(Illuminate/Http/Request), Object(Closure))
#11 C:/xampp/htdocs/johnceniza/vendor/laravel/framework/src/Illuminate/Foundation/Http/Middleware/VerifyCsrfToken.php(87): Illuminate/Pipeline/Pipeline->Illuminate/Pipeline/{closure}(Object(Illuminate/Http/Request))
#12 C:/xampp/htdocs/johnceniza/vendor/laravel/framework/src/Illuminate/Pipeline/Pipeline.php(219): Illuminate/Foundation/Http/Middleware/VerifyCsrfToken->handle(Object(Illuminate/Http/Request), Object(Closure))
#13 C:/xampp/htdocs/johnceniza/vendor/laravel/framework/src/Illuminate/View/Middleware/ShareErrorsFromSession.php(48): Illuminate/Pipeline/Pipeline->Illuminate/Pipeline/{closure}(Object(Illuminate/Http/Request))
#14 C:/xampp/htdocs/johnceniza/vendor/laravel/framework/src/Illuminate/Pipeline/Pipeline.php(219): Illuminate/View/Middleware/ShareErrorsFromSession->handle(Object(Illuminate/Http/Request), Object(Closure))
#15 C:/xampp/htdocs/johnceniza/vendor/laravel/framework/src/Illuminate/Session/Middleware/StartSession.php(120): Illuminate/Pipeline/Pipeline->Illuminate/Pipeline/{closure}(Object(Illuminate/Http/Request))
#16 C:/xampp/htdocs/johnceniza/vendor/laravel/framework/src/Illuminate/Session/Middleware/StartSession.php(63): Illuminate/Session/Middleware/StartSession->handleStatefulRequest(Object(Illuminate/Http/Request), Object(Illuminate/Session/Store), Object(Closure))
#17 C:/xampp/htdocs/johnceniza/vendor/laravel/framework/src/Illuminate/Pipeline/Pipeline.php(219): Illuminate/Session/Middleware/StartSession->handle(Object(Illuminate/Http/Request), Object(Closure))
#18 C:/xampp/htdocs/johnceniza/vendor/laravel/framework/src/Illuminate/Cookie/Middleware/AddQueuedCookiesToResponse.php(36): Illuminate/Pipeline/Pipeline->Illuminate/Pipeline/{closure}(Object(Illuminate/Http/Request))
#19 C:/xampp/htdocs/johnceniza/vendor/laravel/framework/src/Illuminate/Pipeline/Pipeline.php(219): Illuminate/Cookie/Middleware/AddQueuedCookiesToResponse->handle(Object(Illuminate/Http/Request), Object(Closure))
#20 C:/xampp/htdocs/johnceniza/vendor/laravel/framework/src/Illuminate/Cookie/Middleware/EncryptCookies.php(74): Illuminate/Pipeline/Pipeline->Illuminate/Pipeline/{closure}(Object(Illuminate/Http/Request))
#21 C:/xampp/htdocs/johnceniza/vendor/laravel/framework/src/Illuminate/Pipeline/Pipeline.php(219): Illuminate/Cookie/Middleware/EncryptCookies->handle(Object(Illuminate/Http/Request), Object(Closure))
#22 C:/xampp/htdocs/johnceniza/vendor/laravel/framework/src/Illuminate/Pipeline/Pipeline.php(137): Illuminate/Pipeline/Pipeline->Illuminate/Pipeline/{closure}(Object(Illuminate/Http/Request))
#23 C:/xampp/htdocs/johnceniza/vendor/laravel/framework/src/Illuminate/Routing/Router.php(821): Illuminate/Pipeline/Pipeline->then(Object(Closure))
#24 C:/xampp/htdocs/johnceniza/vendor/laravel/framework/src/Illuminate/Routing/Router.php(800): Illuminate/Routing/Router->runRouteWithinStack(Object(Illuminate/Routing/Route), Object(Illuminate/Http/Request))
#25 C:/xampp/htdocs/johnceniza/vendor/laravel/framework/src/Illuminate/Routing/Router.php(764): Illuminate/Routing/Router->runRoute(Object(Illuminate/Http/Request), Object(Illuminate/Routing/Route))
#26 C:/xampp/htdocs/johnceniza/vendor/laravel/framework/src/Illuminate/Routing/Router.php(753): Illuminate/Routing/Router->dispatchToRoute(Object(Illuminate/Http/Request))
#27 C:/xampp/htdocs/johnceniza/vendor/laravel/framework/src/Illuminate/Foundation/Http/Kernel.php(200): Illuminate/Routing/Router->dispatch(Object(Illuminate/Http/Request))
#28 C:/xampp/htdocs/johnceniza/vendor/laravel/framework/src/Illuminate/Pipeline/Pipeline.php(180): Illuminate/Foundation/Http/Kernel->Illuminate/Foundation/Http/{closure}(Object(Illuminate/Http/Request))
#29 C:/xampp/htdocs/johnceniza/vendor/laravel/framework/src/Illuminate/Foundation/Http/Middleware/TransformsRequest.php(21): Illuminate/Pipeline/Pipeline->Illuminate/Pipeline/{closure}(Object(Illuminate/Http/Request))
#30 C:/xampp/htdocs/johnceniza/vendor/laravel/framework/src/Illuminate/Foundation/Http/Middleware/ConvertEmptyStringsToNull.php(31): Illuminate/Foundation/Http/Middleware/TransformsRequest->handle(Object(Illuminate/Http/Request), Object(Closure))
#31 C:/xampp/htdocs/johnceniza/vendor/laravel/framework/src/Illuminate/Pipeline/Pipeline.php(219): Illuminate/Foundation/Http/Middleware/ConvertEmptyStringsToNull->handle(Object(Illuminate/Http/Request), Object(Closure))
#32 C:/xampp/htdocs/johnceniza/vendor/laravel/framework/src/Illuminate/Foundation/Http/Middleware/TransformsRequest.php(21): Illuminate/Pipeline/Pipeline->Illuminate/Pipeline/{closure}(Object(Illuminate/Http/Request))
#33 C:/xampp/htdocs/johnceniza/vendor/laravel/framework/src/Illuminate/Foundation/Http/Middleware/TrimStrings.php(51): Illuminate/Foundation/Http/Middleware/TransformsRequest->handle(Object(Illuminate/Http/Request), Object(Closure))
#34 C:/xampp/htdocs/johnceniza/vendor/laravel/framework/src/Illuminate/Pipeline/Pipeline.php(219): Illuminate/Foundation/Http/Middleware/TrimStrings->handle(Object(Illuminate/Http/Request), Object(Closure))
#35 C:/xampp/htdocs/johnceniza/vendor/laravel/framework/src/Illuminate/Http/Middleware/ValidatePostSize.php(27): Illuminate/Pipeline/Pipeline->Illuminate/Pipeline/{closure}(Object(Illuminate/Http/Request))
#36 C:/xampp/htdocs/johnceniza/vendor/laravel/framework/src/Illuminate/Pipeline/Pipeline.php(219): Illuminate/Http/Middleware/ValidatePostSize->handle(Object(Illuminate/Http/Request), Object(Closure))
#37 C:/xampp/htdocs/johnceniza/vendor/laravel/framework/src/Illuminate/Foundation/Http/Middleware/PreventRequestsDuringMaintenance.php(109): Illuminate/Pipeline/Pipeline->Illuminate/Pipeline/{closure}(Object(Illuminate/Http/Request))
#38 C:/xampp/htdocs/johnceniza/vendor/laravel/framework/src/Illuminate/Pipeline/Pipeline.php(219): Illuminate/Foundation/Http/Middleware/PreventRequestsDuringMaintenance->handle(Object(Illuminate/Http/Request), Object(Closure))
#39 C:/xampp/htdocs/johnceniza/vendor/laravel/framework/src/Illuminate/Http/Middleware/HandleCors.php(61): Illuminate/Pipeline/Pipeline->Illuminate/Pipeline/{closure}(Object(Illuminate/Http/Request))
#40 C:/xampp/htdocs/johnceniza/vendor/laravel/framework/src/Illuminate/Pipeline/Pipeline.php(219): Illuminate/Http/Middleware/HandleCors->handle(Object(Illuminate/Http/Request), Object(Closure))
#41 C:/xampp/htdocs/johnceniza/vendor/laravel/framework/src/Illuminate/Http/Middleware/TrustProxies.php(58): Illuminate/Pipeline/Pipeline->Illuminate/Pipeline/{closure}(Object(Illuminate/Http/Request))
#42 C:/xampp/htdocs/johnceniza/vendor/laravel/framework/src/Illuminate/Pipeline/Pipeline.php(219): Illuminate/Http/Middleware/TrustProxies->handle(Object(Illuminate/Http/Request), Object(Closure))
#43 C:/xampp/htdocs/johnceniza/vendor/laravel/framework/src/Illuminate/Foundation/Http/Middleware/InvokeDeferredCallbacks.php(22): Illuminate/Pipeline/Pipeline->Illuminate/Pipeline/{closure}(Object(Illuminate/Http/Request))
#44 C:/xampp/htdocs/johnceniza/vendor/laravel/framework/src/Illuminate/Pipeline/Pipeline.php(219): Illuminate/Foundation/Http/Middleware/InvokeDeferredCallbacks->handle(Object(Illuminate/Http/Request), Object(Closure))
#45 C:/xampp/htdocs/johnceniza/vendor/laravel/framework/src/Illuminate/Http/Middleware/ValidatePathEncoding.php(26): Illuminate/Pipeline/Pipeline->Illuminate/Pipeline/{closure}(Object(Illuminate/Http/Request))
#46 C:/xampp/htdocs/johnceniza/vendor/laravel/framework/src/Illuminate/Pipeline/Pipeline.php(219): Illuminate/Http/Middleware/ValidatePathEncoding->handle(Object(Illuminate/Http/Request), Object(Closure))
#47 C:/xampp/htdocs/johnceniza/vendor/laravel/framework/src/Illuminate/Pipeline/Pipeline.php(137): Illuminate/Pipeline/Pipeline->Illuminate/Pipeline/{closure}(Object(Illuminate/Http/Request))
#48 C:/xampp/htdocs/johnceniza/vendor/laravel/framework/src/Illuminate/Foundation/Http/Kernel.php(175): Illuminate/Pipeline/Pipeline->then(Object(Closure))
#49 C:/xampp/htdocs/johnceniza/vendor/laravel/framework/src/Illuminate/Foundation/Http/Kernel.php(144): Illuminate/Foundation/Http/Kernel->sendRequestThroughRouter(Object(Illuminate/Http/Request))
#50 C:/xampp/htdocs/johnceniza/vendor/laravel/framework/src/Illuminate/Foundation/Application.php(1220): Illuminate/Foundation/Http/Kernel->handle(Object(Illuminate/Http/Request))
#51 C:/xampp/htdocs/johnceniza/public/index.php(20): Illuminate/Foundation/Application->handleRequest(Object(Illuminate/Http/Request))
#52 C:/xampp/htdocs/johnceniza/vendor/laravel/framework/src/Illuminate/Foundation/resources/server.php(23): require_once('C://xampp//htdocs...')
#53 {main}
"} 
[2026-09-24 17:44:53] local.ERROR: Route [task.index] not defined. {"exception":"[object] (Symfony\\Component\\Routing\\Exception\\RouteNotFoundException(code: 0): Route [task.index] not defined. at C:/xampp/htdocs/johnceniza/vendor/laravel/framework/src/Illuminate/Routing/UrlGenerator.php:536)
[stacktrace]
#0 C:/xampp/htdocs/johnceniza/vendor/laravel/framework/src/Illuminate/Routing/Redirector.php(153): Illuminate/Routing/UrlGenerator->route('task.index', Array)
#1 C:/xampp/htdocs/johnceniza/app/Http/Controllers/TaskController.php(80): Illuminate/Routing/Redirector->route('task.index')
#2 C:/xampp/htdocs/johnceniza/vendor/laravel/framework/src/Illuminate/Routing/ControllerDispatcher.php(46): App/Http/Controllers/TaskController->update(Object(Illuminate/Http/Request), Object(App/Models/Task))
#3 C:/xampp/htdocs/johnceniza/vendor/laravel/framework/src/Illuminate/Routing/Route.php(265): Illuminate/Routing/ControllerDispatcher->dispatch(Object(Illuminate/Routing/Route), Object(App/Http/Controllers/TaskController), 'update')
#4 C:/xampp/htdocs/johnceniza/vendor/laravel/framework/src/Illuminate/Routing/Route.php(211): Illuminate/Routing/Route->runController()
#5 C:/xampp/htdocs/johnceniza/vendor/laravel/framework/src/Illuminate/Routing/Router.php(822): Illuminate/Routing/Route->run()
#6 C:/xampp/htdocs/johnceniza/vendor/laravel/framework/src/Illuminate/Pipeline/Pipeline.php(180): Illuminate/Routing/Router->Illuminate/Routing/{closure}(Object(Illuminate/Http/Request))
#7 C:/xampp/htdocs/johnceniza/vendor/laravel/framework/src/Illuminate/Routing/Middleware/SubstituteBindings.php(50): Illuminate/Pipeline/Pipeline->Illuminate/Pipeline/{closure}(Object(Illuminate/Http/Request))
#8 C:/xampp/htdocs/johnceniza/vendor/laravel/framework/src/Illuminate/Pipeline/Pipeline.php(219): Illuminate/Routing/Middleware/SubstituteBindings->handle(Object(Illuminate/Http/Request), Object(Closure))
#9 C:/xampp/htdocs/johnceniza/vendor/laravel/framework/src/Illuminate/Foundation/Http/Middleware/VerifyCsrfToken.php(87): Illuminate/Pipeline/Pipeline->Illuminate/Pipeline/{closure}(Object(Illuminate/Http/Request))
#10 C:/xampp/htdocs/johnceniza/vendor/laravel/framework/src/Illuminate/Pipeline/Pipeline.php(219): Illuminate/Foundation/Http/Middleware/VerifyCsrfToken->handle(Object(Illuminate/Http/Request), Object(Closure))
#11 C:/xampp/htdocs/johnceniza/vendor/laravel/framework/src/Illuminate/View/Middleware/ShareErrorsFromSession.php(48): Illuminate/Pipeline/Pipeline->Illuminate/Pipeline/{closure}(Object(Illuminate/Http/Request))
#12 C:/xampp/htdocs/johnceniza/vendor/laravel/framework/src/Illuminate/Pipeline/Pipeline.php(219): Illuminate/View/Middleware/ShareErrorsFromSession->handle(Object(Illuminate/Http/Request), Object(Closure))
#13 C:/xampp/htdocs/johnceniza/vendor/laravel/framework/src/Illuminate/Session/Middleware/StartSession.php(120): Illuminate/Pipeline/Pipeline->Illuminate/Pipeline/{closure}(Object(Illuminate/Http/Request))
#14 C:/xampp/htdocs/johnceniza/vendor/laravel/framework/src/Illuminate/Session/Middleware/StartSession.php(63): Illuminate/Session/Middleware/StartSession->handleStatefulRequest(Object(Illuminate/Http/Request), Object(Illuminate/Session/Store), Object(Closure))
#15 C:/xampp/htdocs/johnceniza/vendor/laravel/framework/src/Illuminate/Pipeline/Pipeline.php(219): Illuminate/Session/Middleware/StartSession->handle(Object(Illuminate/Http/Request), Object(Closure))
#16 C:/xampp/htdocs/johnceniza/vendor/laravel/framework/src/Illuminate/Cookie/Middleware/AddQueuedCookiesToResponse.php(36): Illuminate/Pipeline/Pipeline->Illuminate/Pipeline/{closure}(Object(Illuminate/Http/Request))
#17 C:/xampp/htdocs/johnceniza/vendor/laravel/framework/src/Illuminate/Pipeline/Pipeline.php(219): Illuminate/Cookie/Middleware/AddQueuedCookiesToResponse->handle(Object(Illuminate/Http/Request), Object(Closure))
#18 C:/xampp/htdocs/johnceniza/vendor/laravel/framework/src/Illuminate/Cookie/Middleware/EncryptCookies.php(74): Illuminate/Pipeline/Pipeline->Illuminate/Pipeline/{closure}(Object(Illuminate/Http/Request))
#19 C:/xampp/htdocs/johnceniza/vendor/laravel/framework/src/Illuminate/Pipeline/Pipeline.php(219): Illuminate/Cookie/Middleware/EncryptCookies->handle(Object(Illuminate/Http/Request), Object(Closure))
#20 C:/xampp/htdocs/johnceniza/vendor/laravel/framework/src/Illuminate/Pipeline/Pipeline.php(137): Illuminate/Pipeline/Pipeline->Illuminate/Pipeline/{closure}(Object(Illuminate/Http/Request))
#21 C:/xampp/htdocs/johnceniza/vendor/laravel/framework/src/Illuminate/Routing/Router.php(821): Illuminate/Pipeline/Pipeline->then(Object(Closure))
#22 C:/xampp/htdocs/johnceniza/vendor/laravel/framework/src/Illuminate/Routing/Router.php(800): Illuminate/Routing/Router->runRouteWithinStack(Object(Illuminate/Routing/Route), Object(Illuminate/Http/Request))
#23 C:/xampp/htdocs/johnceniza/vendor/laravel/framework/src/Illuminate/Routing/Router.php(764): Illuminate/Routing/Router->runRoute(Object(Illuminate/Http/Request), Object(Illuminate/Routing/Route))
#24 C:/xampp/htdocs/johnceniza/vendor/laravel/framework/src/Illuminate/Routing/Router.php(753): Illuminate/Routing/Router->dispatchToRoute(Object(Illuminate/Http/Request))
#25 C:/xampp/htdocs/johnceniza/vendor/laravel/framework/src/Illuminate/Foundation/Http/Kernel.php(200): Illuminate/Routing/Router->dispatch(Object(Illuminate/Http/Request))
#26 C:/xampp/htdocs/johnceniza/vendor/laravel/framework/src/Illuminate/Pipeline/Pipeline.php(180): Illuminate/Foundation/Http/Kernel->Illuminate/Foundation/Http/{closure}(Object(Illuminate/Http/Request))
#27 C:/xampp/htdocs/johnceniza/vendor/laravel/framework/src/Illuminate/Foundation/Http/Middleware/TransformsRequest.php(21): Illuminate/Pipeline/Pipeline->Illuminate/Pipeline/{closure}(Object(Illuminate/Http/Request))
#28 C:/xampp/htdocs/johnceniza/vendor/laravel/framework/src/Illuminate/Foundation/Http/Middleware/ConvertEmptyStringsToNull.php(31): Illuminate/Foundation/Http/Middleware/TransformsRequest->handle(Object(Illuminate/Http/Request), Object(Closure))
#29 C:/xampp/htdocs/johnceniza/vendor/laravel/framework/src/Illuminate/Pipeline/Pipeline.php(219): Illuminate/Foundation/Http/Middleware/ConvertEmptyStringsToNull->handle(Object(Illuminate/Http/Request), Object(Closure))
#30 C:/xampp/htdocs/johnceniza/vendor/laravel/framework/src/Illuminate/Foundation/Http/Middleware/TransformsRequest.php(21): Illuminate/Pipeline/Pipeline->Illuminate/Pipeline/{closure}(Object(Illuminate/Http/Request))
#31 C:/xampp/htdocs/johnceniza/vendor/laravel/framework/src/Illuminate/Foundation/Http/Middleware/TrimStrings.php(51): Illuminate/Foundation/Http/Middleware/TransformsRequest->handle(Object(Illuminate/Http/Request), Object(Closure))
#32 C:/xampp/htdocs/johnceniza/vendor/laravel/framework/src/Illuminate/Pipeline/Pipeline.php(219): Illuminate/Foundation/Http/Middleware/TrimStrings->handle(Object(Illuminate/Http/Request), Object(Closure))
#33 C:/xampp/htdocs/johnceniza/vendor/laravel/framework/src/Illuminate/Http/Middleware/ValidatePostSize.php(27): Illuminate/Pipeline/Pipeline->Illuminate/Pipeline/{closure}(Object(Illuminate/Http/Request))
#34 C:/xampp/htdocs/johnceniza/vendor/laravel/framework/src/Illuminate/Pipeline/Pipeline.php(219): Illuminate/Http/Middleware/ValidatePostSize->handle(Object(Illuminate/Http/Request), Object(Closure))
#35 C:/xampp/htdocs/johnceniza/vendor/laravel/framework/src/Illuminate/Foundation/Http/Middleware/PreventRequestsDuringMaintenance.php(109): Illuminate/Pipeline/Pipeline->Illuminate/Pipeline/{closure}(Object(Illuminate/Http/Request))
#36 C:/xampp/htdocs/johnceniza/vendor/laravel/framework/src/Illuminate/Pipeline/Pipeline.php(219): Illuminate/Foundation/Http/Middleware/PreventRequestsDuringMaintenance->handle(Object(Illuminate/Http/Request), Object(Closure))
#37 C:/xampp/htdocs/johnceniza/vendor/laravel/framework/src/Illuminate/Http/Middleware/HandleCors.php(61): Illuminate/Pipeline/Pipeline->Illuminate/Pipeline/{closure}(Object(Illuminate/Http/Request))
#38 C:/xampp/htdocs/johnceniza/vendor/laravel/framework/src/Illuminate/Pipeline/Pipeline.php(219): Illuminate/Http/Middleware/HandleCors->handle(Object(Illuminate/Http/Request), Object(Closure))
#39 C:/xampp/htdocs/johnceniza/vendor/laravel/framework/src/Illuminate/Http/Middleware/TrustProxies.php(58): Illuminate/Pipeline/Pipeline->Illuminate/Pipeline/{closure}(Object(Illuminate/Http/Request))
#40 C:/xampp/htdocs/johnceniza/vendor/laravel/framework/src/Illuminate/Pipeline/Pipeline.php(219): Illuminate/Http/Middleware/TrustProxies->handle(Object(Illuminate/Http/Request), Object(Closure))
#41 C:/xampp/htdocs/johnceniza/vendor/laravel/framework/src/Illuminate/Foundation/Http/Middleware/InvokeDeferredCallbacks.php(22): Illuminate/Pipeline/Pipeline->Illuminate/Pipeline/{closure}(Object(Illuminate/Http/Request))
#42 C:/xampp/htdocs/johnceniza/vendor/laravel/framework/src/Illuminate/Pipeline/Pipeline.php(219): Illuminate/Foundation/Http/Middleware/InvokeDeferredCallbacks->handle(Object(Illuminate/Http/Request), Object(Closure))
#43 C:/xampp/htdocs/johnceniza/vendor/laravel/framework/src/Illuminate/Http/Middleware/ValidatePathEncoding.php(26): Illuminate/Pipeline/Pipeline->Illuminate/Pipeline/{closure}(Object(Illuminate/Http/Request))
#44 C:/xampp/htdocs/johnceniza/vendor/laravel/framework/src/Illuminate/Pipeline/Pipeline.php(219): Illuminate/Http/Middleware/ValidatePathEncoding->handle(Object(Illuminate/Http/Request), Object(Closure))
#45 C:/xampp/htdocs/johnceniza/vendor/laravel/framework/src/Illuminate/Pipeline/Pipeline.php(137): Illuminate/Pipeline/Pipeline->Illuminate/Pipeline/{closure}(Object(Illuminate/Http/Request))
#46 C:/xampp/htdocs/johnceniza/vendor/laravel/framework/src/Illuminate/Foundation/Http/Kernel.php(175): Illuminate/Pipeline/Pipeline->then(Object(Closure))
#47 C:/xampp/htdocs/johnceniza/vendor/laravel/framework/src/Illuminate/Foundation/Http/Kernel.php(144): Illuminate/Foundation/Http/Kernel->sendRequestThroughRouter(Object(Illuminate/Http/Request))
#48 C:/xampp/htdocs/johnceniza/vendor/laravel/framework/src/Illuminate/Foundation/Application.php(1220): Illuminate/Foundation/Http/Kernel->handle(Object(Illuminate/Http/Request))
#49 C:/xampp/htdocs/johnceniza/public/index.php(20): Illuminate/Foundation/Application->handleRequest(Object(Illuminate/Http/Request))
#50 C:/xampp/htdocs/johnceniza/vendor/laravel/framework/src/Illuminate/Foundation/resources/server.php(23): require_once('C://xampp//htdocs...')
#51 {main}
"} 
[2026-09-24 17:46:08] local.ERROR: Route [task.index] not defined. {"exception":"[object] (Symfony\\Component\\Routing\\Exception\\RouteNotFoundException(code: 0): Route [task.index] not defined. at C:/xampp/htdocs/johnceniza/vendor/laravel/framework/src/Illuminate/Routing/UrlGenerator.php:536)
[stacktrace]
#0 C:/xampp/htdocs/johnceniza/vendor/laravel/framework/src/Illuminate/Routing/Redirector.php(153): Illuminate/Routing/UrlGenerator->route('task.index', Array)
#1 C:/xampp/htdocs/johnceniza/app/Http/Controllers/TaskController.php(92): Illuminate/Routing/Redirector->route('task.index')
#2 C:/xampp/htdocs/johnceniza/vendor/laravel/framework/src/Illuminate/Routing/ControllerDispatcher.php(46): App/Http/Controllers/TaskController->destroy(Object(App/Models/Task))
#3 C:/xampp/htdocs/johnceniza/vendor/laravel/framework/src/Illuminate/Routing/Route.php(265): Illuminate/Routing/ControllerDispatcher->dispatch(Object(Illuminate/Routing/Route), Object(App/Http/Controllers/TaskController), 'destroy')
#4 C:/xampp/htdocs/johnceniza/vendor/laravel/framework/src/Illuminate/Routing/Route.php(211): Illuminate/Routing/Route->runController()
#5 C:/xampp/htdocs/johnceniza/vendor/laravel/framework/src/Illuminate/Routing/Router.php(822): Illuminate/Routing/Route->run()
#6 C:/xampp/htdocs/johnceniza/vendor/laravel/framework/src/Illuminate/Pipeline/Pipeline.php(180): Illuminate/Routing/Router->Illuminate/Routing/{closure}(Object(Illuminate/Http/Request))
#7 C:/xampp/htdocs/johnceniza/vendor/laravel/framework/src/Illuminate/Routing/Middleware/SubstituteBindings.php(50): Illuminate/Pipeline/Pipeline->Illuminate/Pipeline/{closure}(Object(Illuminate/Http/Request))
#8 C:/xampp/htdocs/johnceniza/vendor/laravel/framework/src/Illuminate/Pipeline/Pipeline.php(219): Illuminate/Routing/Middleware/SubstituteBindings->handle(Object(Illuminate/Http/Request), Object(Closure))
#9 C:/xampp/htdocs/johnceniza/vendor/laravel/framework/src/Illuminate/Foundation/Http/Middleware/VerifyCsrfToken.php(87): Illuminate/Pipeline/Pipeline->Illuminate/Pipeline/{closure}(Object(Illuminate/Http/Request))
#10 C:/xampp/htdocs/johnceniza/vendor/laravel/framework/src/Illuminate/Pipeline/Pipeline.php(219): Illuminate/Foundation/Http/Middleware/VerifyCsrfToken->handle(Object(Illuminate/Http/Request), Object(Closure))
#11 C:/xampp/htdocs/johnceniza/vendor/laravel/framework/src/Illuminate/View/Middleware/ShareErrorsFromSession.php(48): Illuminate/Pipeline/Pipeline->Illuminate/Pipeline/{closure}(Object(Illuminate/Http/Request))
#12 C:/xampp/htdocs/johnceniza/vendor/laravel/framework/src/Illuminate/Pipeline/Pipeline.php(219): Illuminate/View/Middleware/ShareErrorsFromSession->handle(Object(Illuminate/Http/Request), Object(Closure))
#13 C:/xampp/htdocs/johnceniza/vendor/laravel/framework/src/Illuminate/Session/Middleware/StartSession.php(120): Illuminate/Pipeline/Pipeline->Illuminate/Pipeline/{closure}(Object(Illuminate/Http/Request))
#14 C:/xampp/htdocs/johnceniza/vendor/laravel/framework/src/Illuminate/Session/Middleware/StartSession.php(63): Illuminate/Session/Middleware/StartSession->handleStatefulRequest(Object(Illuminate/Http/Request), Object(Illuminate/Session/Store), Object(Closure))
#15 C:/xampp/htdocs/johnceniza/vendor/laravel/framework/src/Illuminate/Pipeline/Pipeline.php(219): Illuminate/Session/Middleware/StartSession->handle(Object(Illuminate/Http/Request), Object(Closure))
#16 C:/xampp/htdocs/johnceniza/vendor/laravel/framework/src/Illuminate/Cookie/Middleware/AddQueuedCookiesToResponse.php(36): Illuminate/Pipeline/Pipeline->Illuminate/Pipeline/{closure}(Object(Illuminate/Http/Request))
#17 C:/xampp/htdocs/johnceniza/vendor/laravel/framework/src/Illuminate/Pipeline/Pipeline.php(219): Illuminate/Cookie/Middleware/AddQueuedCookiesToResponse->handle(Object(Illuminate/Http/Request), Object(Closure))
#18 C:/xampp/htdocs/johnceniza/vendor/laravel/framework/src/Illuminate/Cookie/Middleware/EncryptCookies.php(74): Illuminate/Pipeline/Pipeline->Illuminate/Pipeline/{closure}(Object(Illuminate/Http/Request))
#19 C:/xampp/htdocs/johnceniza/vendor/laravel/framework/src/Illuminate/Pipeline/Pipeline.php(219): Illuminate/Cookie/Middleware/EncryptCookies->handle(Object(Illuminate/Http/Request), Object(Closure))
#20 C:/xampp/htdocs/johnceniza/vendor/laravel/framework/src/Illuminate/Pipeline/Pipeline.php(137): Illuminate/Pipeline/Pipeline->Illuminate/Pipeline/{closure}(Object(Illuminate/Http/Request))
#21 C:/xampp/htdocs/johnceniza/vendor/laravel/framework/src/Illuminate/Routing/Router.php(821): Illuminate/Pipeline/Pipeline->then(Object(Closure))
#22 C:/xampp/htdocs/johnceniza/vendor/laravel/framework/src/Illuminate/Routing/Router.php(800): Illuminate/Routing/Router->runRouteWithinStack(Object(Illuminate/Routing/Route), Object(Illuminate/Http/Request))
#23 C:/xampp/htdocs/johnceniza/vendor/laravel/framework/src/Illuminate/Routing/Router.php(764): Illuminate/Routing/Router->runRoute(Object(Illuminate/Http/Request), Object(Illuminate/Routing/Route))
#24 C:/xampp/htdocs/johnceniza/vendor/laravel/framework/src/Illuminate/Routing/Router.php(753): Illuminate/Routing/Router->dispatchToRoute(Object(Illuminate/Http/Request))
#25 C:/xampp/htdocs/johnceniza/vendor/laravel/framework/src/Illuminate/Foundation/Http/Kernel.php(200): Illuminate/Routing/Router->dispatch(Object(Illuminate/Http/Request))
#26 C:/xampp/htdocs/johnceniza/vendor/laravel/framework/src/Illuminate/Pipeline/Pipeline.php(180): Illuminate/Foundation/Http/Kernel->Illuminate/Foundation/Http/{closure}(Object(Illuminate/Http/Request))
#27 C:/xampp/htdocs/johnceniza/vendor/laravel/framework/src/Illuminate/Foundation/Http/Middleware/TransformsRequest.php(21): Illuminate/Pipeline/Pipeline->Illuminate/Pipeline/{closure}(Object(Illuminate/Http/Request))
#28 C:/xampp/htdocs/johnceniza/vendor/laravel/framework/src/Illuminate/Foundation/Http/Middleware/ConvertEmptyStringsToNull.php(31): Illuminate/Foundation/Http/Middleware/TransformsRequest->handle(Object(Illuminate/Http/Request), Object(Closure))
#29 C:/xampp/htdocs/johnceniza/vendor/laravel/framework/src/Illuminate/Pipeline/Pipeline.php(219): Illuminate/Foundation/Http/Middleware/ConvertEmptyStringsToNull->handle(Object(Illuminate/Http/Request), Object(Closure))
#30 C:/xampp/htdocs/johnceniza/vendor/laravel/framework/src/Illuminate/Foundation/Http/Middleware/TransformsRequest.php(21): Illuminate/Pipeline/Pipeline->Illuminate/Pipeline/{closure}(Object(Illuminate/Http/Request))
#31 C:/xampp/htdocs/johnceniza/vendor/laravel/framework/src/Illuminate/Foundation/Http/Middleware/TrimStrings.php(51): Illuminate/Foundation/Http/Middleware/TransformsRequest->handle(Object(Illuminate/Http/Request), Object(Closure))
#32 C:/xampp/htdocs/johnceniza/vendor/laravel/framework/src/Illuminate/Pipeline/Pipeline.php(219): Illuminate/Foundation/Http/Middleware/TrimStrings->handle(Object(Illuminate/Http/Request), Object(Closure))
#33 C:/xampp/htdocs/johnceniza/vendor/laravel/framework/src/Illuminate/Http/Middleware/ValidatePostSize.php(27): Illuminate/Pipeline/Pipeline->Illuminate/Pipeline/{closure}(Object(Illuminate/Http/Request))
#34 C:/xampp/htdocs/johnceniza/vendor/laravel/framework/src/Illuminate/Pipeline/Pipeline.php(219): Illuminate/Http/Middleware/ValidatePostSize->handle(Object(Illuminate/Http/Request), Object(Closure))
#35 C:/xampp/htdocs/johnceniza/vendor/laravel/framework/src/Illuminate/Foundation/Http/Middleware/PreventRequestsDuringMaintenance.php(109): Illuminate/Pipeline/Pipeline->Illuminate/Pipeline/{closure}(Object(Illuminate/Http/Request))
#36 C:/xampp/htdocs/johnceniza/vendor/laravel/framework/src/Illuminate/Pipeline/Pipeline.php(219): Illuminate/Foundation/Http/Middleware/PreventRequestsDuringMaintenance->handle(Object(Illuminate/Http/Request), Object(Closure))
#37 C:/xampp/htdocs/johnceniza/vendor/laravel/framework/src/Illuminate/Http/Middleware/HandleCors.php(61): Illuminate/Pipeline/Pipeline->Illuminate/Pipeline/{closure}(Object(Illuminate/Http/Request))
#38 C:/xampp/htdocs/johnceniza/vendor/laravel/framework/src/Illuminate/Pipeline/Pipeline.php(219): Illuminate/Http/Middleware/HandleCors->handle(Object(Illuminate/Http/Request), Object(Closure))
#39 C:/xampp/htdocs/johnceniza/vendor/laravel/framework/src/Illuminate/Http/Middleware/TrustProxies.php(58): Illuminate/Pipeline/Pipeline->Illuminate/Pipeline/{closure}(Object(Illuminate/Http/Request))
#40 C:/xampp/htdocs/johnceniza/vendor/laravel/framework/src/Illuminate/Pipeline/Pipeline.php(219): Illuminate/Http/Middleware/TrustProxies->handle(Object(Illuminate/Http/Request), Object(Closure))
#41 C:/xampp/htdocs/johnceniza/vendor/laravel/framework/src/Illuminate/Foundation/Http/Middleware/InvokeDeferredCallbacks.php(22): Illuminate/Pipeline/Pipeline->Illuminate/Pipeline/{closure}(Object(Illuminate/Http/Request))
#42 C:/xampp/htdocs/johnceniza/vendor/laravel/framework/src/Illuminate/Pipeline/Pipeline.php(219): Illuminate/Foundation/Http/Middleware/InvokeDeferredCallbacks->handle(Object(Illuminate/Http/Request), Object(Closure))
#43 C:/xampp/htdocs/johnceniza/vendor/laravel/framework/src/Illuminate/Http/Middleware/ValidatePathEncoding.php(26): Illuminate/Pipeline/Pipeline->Illuminate/Pipeline/{closure}(Object(Illuminate/Http/Request))
#44 C:/xampp/htdocs/johnceniza/vendor/laravel/framework/src/Illuminate/Pipeline/Pipeline.php(219): Illuminate/Http/Middleware/ValidatePathEncoding->handle(Object(Illuminate/Http/Request), Object(Closure))
#45 C:/xampp/htdocs/johnceniza/vendor/laravel/framework/src/Illuminate/Pipeline/Pipeline.php(137): Illuminate/Pipeline/Pipeline->Illuminate/Pipeline/{closure}(Object(Illuminate/Http/Request))
#46 C:/xampp/htdocs/johnceniza/vendor/laravel/framework/src/Illuminate/Foundation/Http/Kernel.php(175): Illuminate/Pipeline/Pipeline->then(Object(Closure))
#47 C:/xampp/htdocs/johnceniza/vendor/laravel/framework/src/Illuminate/Foundation/Http/Kernel.php(144): Illuminate/Foundation/Http/Kernel->sendRequestThroughRouter(Object(Illuminate/Http/Request))
#48 C:/xampp/htdocs/johnceniza/vendor/laravel/framework/src/Illuminate/Foundation/Application.php(1220): Illuminate/Foundation/Http/Kernel->handle(Object(Illuminate/Http/Request))
#49 C:/xampp/htdocs/johnceniza/public/index.php(20): Illuminate/Foundation/Application->handleRequest(Object(Illuminate/Http/Request))
#50 C:/xampp/htdocs/johnceniza/vendor/laravel/framework/src/Illuminate/Foundation/resources/server.php(23): require_once('C://xampp//htdocs...')
#51 {main}
"} 
